	0:00.000	124 	N	0	0	0
	0:00.000	313 	N	0	0	0
	0:00.000	503 	N	0	0	0
	0:00.000	704 	N	0	0	0
	0:00.000	901 	N	0	0	0
	0:00.000	1098	N	0	0	0
	0:00.000	1294	N	0	0	0
	0:00.000	1481	N	0	0	0
	0:00.000	1669	N	0	0	0
	0:00.000	1855	N	0	0	0
	0:00.000	2042	N	0	0	0
	0:00.000	2222	N	0	0	0
	0:00.000	2406	N	0	0	0
	0:00.000	2594	N	0	0	0
	0:00.000	2787	N	0	0	0
	0:00.000	2991	N	0	0	0
	0:00.000	3198	N	0	0	0
	0:00.000	3399	N	0	0	0
	0:00.000	3605	N	0	0	0
	0:00.000	3789	N	0	0	0
	0:00.000	3971	N	0	0	0
	0:00.000	4153	N	0	0	0
	0:00.000	4339	N	0	0	0
	0:00.000	4521	N	0	0	0
	0:00.000	4711	N	0	0	0
	0:00.000	4910	N	0	0	0
	0:00.000	5111	N	0	0	0
	0:00.000	5309	N	0	0	0
	0:00.000	5504	N	0	0	0
	0:00.000	5690	N	0	0	0
	0:00.000	5876	N	0	0	0
	0:00.000	6069	N	0	0	0
	0:00.000	6258	N	0	0	0
	0:00.000	6421	N	0	0	0
	0:00.000	6429	N	0	0	0
	0:00.000	6631	N	0	0	0
	0:00.000	6817	N	0	0	0
	0:00.000	7012	N	0	0	0
	0:00.000	7215	N	0	0	0
	0:00.000	7413	N	0	0	0
	0:00.000	7616	N	0	0	0
	0:00.000	7816	N	0	0	0
	0:00.000	8018	N	0	0	0
	0:00.000	8205	N	0	0	0
	0:00.000	8390	N	0	0	0
	0:00.000	8570	N	0	0	0
	0:00.000	8753	N	0	0	0
	0:00.000	8946	N	0	0	0
	0:00.000	9103	N	0	0	0
	0:00.000	9213	N	0	0	0
	0:00.000	9548	N	0	0	0
	0:00.000	9744	N	0	0	0
	0:00.000	9944	N	0	0	0
	0:00.000	10135	N	0	0	0
	0:00.000	10322	N	0	0	0
	0:00.000	10480	N	0	0	0
	0:00.000	10483	N	0	0	0
	0:00.000	10490	N	0	0	0
	0:00.000	10620	N	0	0	0
	0:00.000	10874	N	0	0	0
	0:00.000	11062	N	0	0	0
	0:00.000	11253	N	0	0	0
	0:00.000	11449	N	0	0	0
	0:00.000	11643	N	0	0	0
	0:00.000	11841	N	0	0	0
	0:00.000	12050	N	0	0	0
	0:00.000	12248	N	0	0	0
	0:00.000	12436	N	0	0	0
	0:00.000	12618	N	0	0	0
	0:00.000	12798	N	0	0	0
	0:00.000	12977	N	0	0	0
	0:00.000	13160	N	0	0	0
	0:00.000	13214	N	0	0	0
	0:00.000	13219	N	0	0	0
	0:00.000	13225	N	0	0	0
	0:00.000	13340	N	0	0	0
	0:00.000	13533	N	0	0	0
	0:00.000	13732	N	0	0	0
	0:00.000	13937	N	0	0	0
	0:00.000	14138	N	0	0	0
	0:00.000	14332	N	0	0	0
	0:00.000	14517	N	0	0	0
	0:00.000	14700	N	0	0	0
	0:00.000	14885	N	0	0	0
	0:00.000	15018	N	0	0	0
	0:00.000	15261	N	0	0	0
	0:00.000	15455	N	0	0	0
	0:00.000	15649	N	0	0	0
	0:00.000	15847	N	0	0	0
	0:00.000	16043	N	0	0	0
	0:00.000	16244	N	0	0	0
	0:00.000	16436	N	0	0	0
	0:00.000	16635	N	0	0	0
	0:00.000	16801	N	0	0	0
	0:00.000	16810	N	0	0	0
	0:00.000	17005	N	0	0	0
	0:00.000	17180	N	0	0	0
	0:00.000	17361	N	0	0	0
	0:00.000	17542	N	0	0	0
	0:00.000	17730	N	0	0	0
	0:00.000	17926	N	0	0	0
	0:00.000	18129	N	0	0	0
	0:00.000	18327	N	0	0	0
	0:00.000	18467	N	0	0	0
	0:00.000	18716	N	0	0	0
	0:00.000	18900	N	0	0	0
	0:00.000	19084	N	0	0	0
	0:00.000	19263	N	0	0	0
	0:00.000	19442	N	0	0	0
	0:00.000	19554	N	0	0	0
	0:00.000	19816	N	0	0	0
	0:00.000	20010	N	0	0	0
	0:00.000	20210	N	0	0	0
	0:00.000	20402	N	0	0	0
	0:00.000	20594	N	0	0	0
	0:00.000	20794	N	0	0	0
	0:00.000	20996	N	0	0	0
	0:00.000	21180	N	0	0	0
	0:00.000	21360	N	0	0	0
	0:00.000	21537	N	0	0	0
	0:00.000	21719	N	0	0	0
	0:00.000	21902	N	0	0	0
	0:00.000	22098	N	0	0	0
	0:00.000	22283	N	0	0	0
	0:00.000	22486	N	0	0	0
	0:00.000	22687	N	0	0	0
	0:00.000	22894	N	0	0	0
	0:00.000	23087	N	0	0	0
	0:00.000	23279	N	0	0	0
	0:00.000	23459	N	0	0	0
	0:00.000	23638	N	0	0	0
	0:00.000	23822	N	0	0	0
	0:00.000	24014	N	0	0	0
	0:00.000	24204	N	0	0	0
	0:00.000	24406	N	0	0	0
	0:00.000	24601	N	0	0	0
	0:00.000	24800	N	0	0	0
	0:00.000	25007	N	0	0	0
	0:00.000	25202	N	0	0	0
	0:00.000	25393	N	0	0	0
	0:00.000	25575	N	0	0	0
	0:00.000	25759	N	0	0	0
	0:00.000	25938	N	0	0	0
	0:00.000	26075	N	0	0	0
	0:00.000	26308	N	0	0	0
	0:00.000	26500	N	0	0	0
	0:00.000	26705	N	0	0	0
	0:00.000	26921	N	0	0	0
	0:00.000	27125	N	0	0	0
	0:00.000	27328	N	0	0	0
	0:00.000	27511	N	0	0	0
	0:00.000	27575	N	0	0	0
	0:00.000	27652	N	0	0	0
	0:00.000	27764	N	0	0	0
	0:00.000	28056	N	0	0	0
	0:00.000	28242	N	0	0	0
	0:00.000	28429	N	0	0	0
	0:00.000	28627	N	0	0	0
	0:00.000	28823	N	0	0	0
	0:00.000	29021	N	0	0	0
	0:00.000	29212	N	0	0	0
	0:00.000	29399	N	0	0	0
	0:00.000	29589	N	0	0	0
	0:00.000	29777	N	0	0	0
	0:00.000	29957	N	0	0	0
	0:00.000	30137	N	0	0	0
	0:00.000	30314	N	0	0	0
	0:00.000	30491	N	0	0	0
	0:00.000	30675	N	0	0	0
	0:00.000	30825	N	0	0	0
	0:00.000	31065	N	0	0	0
	0:00.000	31266	N	0	0	0
	0:00.000	31468	N	0	0	0
	0:00.000	31670	N	0	0	0
	0:00.000	31856	N	0	0	0
	0:00.000	32040	N	0	0	0
	0:00.000	32216	N	0	0	0
	0:00.000	32396	N	0	0	0
	0:00.000	32584	N	0	0	0
	0:00.000	32782	N	0	0	0
	0:00.000	32978	N	0	0	0
	0:00.000	33180	N	0	0	0
	0:00.000	33375	N	0	0	0
	0:00.000	33573	N	0	0	0
	0:00.000	33772	N	0	0	0
	0:00.000	33961	N	0	0	0
	0:00.000	34146	N	0	0	0
	0:00.000	34329	N	0	0	0
	0:00.000	34516	N	0	0	0
	0:00.000	34703	N	0	0	0
	0:00.000	34846	N	0	0	0
	0:00.000	35083	N	0	0	0
	0:00.000	35279	N	0	0	0
	0:00.000	35485	N	0	0	0
	0:00.000	35702	N	0	0	0
	0:00.000	35905	N	0	0	0
	0:00.000	36056	N	0	0	0
	0:00.000	36282	N	0	0	0
	0:00.000	36463	N	0	0	0
	0:00.000	36646	N	0	0	0
	0:00.000	36828	N	0	0	0
	0:00.000	37017	N	0	0	0
	0:00.000	37209	N	0	0	0
	0:00.000	37413	N	0	0	0
	0:00.000	37610	N	0	0	0
	0:00.000	37811	N	0	0	0
	0:00.000	38006	N	0	0	0
	0:00.000	38197	N	0	0	0
	0:00.000	38357	N	0	0	0
	0:00.000	38569	N	0	0	0
	0:00.000	38745	N	0	0	0
	0:00.000	38930	N	0	0	0
	0:00.000	39110	N	0	0	0
	0:00.000	39296	N	0	0	0
	0:00.000	39477	N	0	0	0
	0:00.000	39677	N	0	0	0
	0:00.000	39870	N	0	0	0
	0:00.000	40075	N	0	0	0
	0:00.000	40275	N	0	0	0
	0:00.000	40466	N	0	0	0
	0:00.000	40646	N	0	0	0
	0:00.000	40827	N	0	0	0
	0:00.000	41007	N	0	0	0
	0:00.000	41192	N	0	0	0
	0:00.000	41383	N	0	0	0
	0:00.000	41579	N	0	0	0
	0:00.000	41777	N	0	0	0
	0:00.000	41978	N	0	0	0
	0:00.000	42174	N	0	0	0
	0:00.000	42369	N	0	0	0
	0:00.000	42561	N	0	0	0
	0:00.000	42743	N	0	0	0
	0:00.000	42930	N	0	0	0
	0:00.000	43115	N	0	0	0
	0:00.000	43307	N	0	0	0
	0:00.000	43491	N	0	0	0
	0:00.000	43686	N	0	0	0
	0:00.000	43878	N	0	0	0
	0:00.000	44075	N	0	0	0
	0:00.000	44280	N	0	0	0
	0:00.000	44491	N	0	0	0
	0:00.000	44685	N	0	0	0
	0:00.000	44875	N	0	0	0
	0:00.000	45054	N	0	0	0
	0:00.000	45234	N	0	0	0
	0:00.000	45419	N	0	0	0
	0:00.000	45601	N	0	0	0
	0:00.000	45791	N	0	0	0
	0:00.000	45985	N	0	0	0
	0:00.000	46159	N	0	0	0
	0:00.000	46392	N	0	0	0
	0:00.000	46592	N	0	0	0
	0:00.000	46785	N	0	0	0
	0:00.000	46968	N	0	0	0
	0:00.000	47151	N	0	0	0
	0:00.000	47335	N	0	0	0
	0:00.000	47518	N	0	0	0
	0:00.000	47706	N	0	0	0
	0:00.000	47892	N	0	0	0
	0:00.000	48080	N	0	0	0
	0:00.000	48269	N	0	0	0
	0:00.000	48472	N	0	0	0
	0:00.000	48665	N	0	0	0
	0:00.000	48862	N	0	0	0
	0:00.000	49049	N	0	0	0
	0:00.000	49237	N	0	0	0
	0:00.000	49417	N	0	0	0
	0:00.000	49597	N	0	0	0
	0:00.000	49773	N	0	0	0
	0:00.000	49952	N	0	0	0
	0:00.000	50144	N	0	0	0
	0:00.000	50347	N	0	0	0
	0:00.000	50549	N	0	0	0
	0:00.000	50752	N	0	0	0
	0:00.000	50947	N	0	0	0
	0:00.000	51139	N	0	0	0
	0:00.000	51330	N	0	0	0
	0:00.000	51512	N	0	0	0
	0:00.000	51690	N	0	0	0
	0:00.000	51875	N	0	0	0
	0:00.000	52066	N	0	0	0
	0:00.000	52262	N	0	0	0
	0:00.000	52456	N	0	0	0
	0:00.000	52658	N	0	0	0
	0:00.000	52854	N	0	0	0
	0:00.000	53057	N	0	0	0
	0:00.000	53259	N	0	0	0
	0:00.000	53452	N	0	0	0
	0:00.000	53638	N	0	0	0
	0:00.000	53820	N	0	0	0
	0:00.000	53994	N	0	0	0
	0:00.000	54176	N	0	0	0
	0:00.000	54365	N	0	0	0
	0:00.000	54559	N	0	0	0
	0:00.000	54755	N	0	0	0
	0:00.000	54951	N	0	0	0
	0:00.000	55160	N	0	0	0
	0:00.000	55359	N	0	0	0
	0:00.000	55553	N	0	0	0
	0:00.000	55731	N	0	0	0
	0:00.000	55907	N	0	0	0
	0:00.000	56088	N	0	0	0
	0:00.000	56279	N	0	0	0
	0:00.000	56467	N	0	0	0
	0:00.000	56657	N	0	0	0
	0:00.000	56850	N	0	0	0
	0:00.000	57047	N	0	0	0
	0:00.000	57238	N	0	0	0
	0:00.000	57393	N	0	0	0
	0:00.000	57399	N	0	0	0
	0:00.000	57413	N	0	0	0
	0:00.000	57623	N	0	0	0
	0:00.000	57812	N	0	0	0
	0:00.000	57991	N	0	0	0
	0:00.000	58169	N	0	0	0
	0:00.000	58343	N	0	0	0
	0:00.000	58503	N	0	0	0
	0:00.000	58710	N	0	0	0
	0:00.000	58900	N	0	0	0
	0:00.000	59038	N	0	0	0
	0:00.000	59303	N	0	0	0
	0:00.000	59499	N	0	0	0
	0:00.000	59700	N	0	0	0
	0:00.000	59877	N	0	0	0
	0:00.000	60058	N	0	0	0
	0:00.000	60197	N	0	0	0
	0:00.000	60420	N	0	0	0
	0:00.000	60595	N	0	0	0
	0:00.000	60780	N	0	0	0
	0:00.000	60969	N	0	0	0
	0:00.000	61168	N	0	0	0
	0:00.000	61365	N	0	0	0
	0:00.000	61566	N	0	0	0
	0:00.000	61753	N	0	0	0
	0:00.000	61945	N	0	0	0
	0:00.000	62134	N	0	0	0
	0:00.000	62305	N	0	0	0
	0:00.000	62315	N	0	0	0
	0:00.000	62503	N	0	0	0
	0:00.000	62570	N	0	0	0
	0:00.000	62684	N	0	0	0
	0:00.000	62865	N	0	0	0
	0:00.000	63057	N	0	0	0
	0:00.000	63256	N	0	0	0
	0:00.000	63447	N	0	0	0
	0:00.000	63647	N	0	0	0
	0:00.000	63849	N	0	0	0
	0:00.000	64059	N	0	0	0
	0:00.000	64240	N	0	0	0
	0:00.000	64421	N	0	0	0
	0:00.000	64556	N	0	0	0
	0:00.000	64671	N	0	0	0
	0:00.000	64786	N	0	0	0
	0:00.000	64973	N	0	0	0
	0:00.000	65165	N	0	0	0
	0:00.000	65290	N	0	0	0
	0:00.000	65567	N	0	0	0
	0:00.000	65762	N	0	0	0
	0:00.000	65960	N	0	0	0
	0:00.000	66154	N	0	0	0
	0:00.000	66347	N	0	0	0
	0:00.000	66524	N	0	0	0
	0:00.000	66702	N	0	0	0
	0:00.000	66879	N	0	0	0
	0:00.000	67062	N	0	0	0
	0:00.000	67242	N	0	0	0
	0:00.000	67436	N	0	0	0
	0:00.000	67625	N	0	0	0
	0:00.000	67684	N	0	0	0
	0:00.000	67820	N	0	0	0
	0:00.000	67889	N	0	0	0
	0:00.000	68028	N	0	0	0
	0:00.000	68240	N	0	0	0
	0:00.000	68621	N	0	0	0
	0:00.000	68798	N	0	0	0
	0:00.000	68864	N	0	0	0
	0:00.000	68969	N	0	0	0
	0:00.000	69017	N	0	0	0
	0:00.000	69025	N	0	0	0
	0:00.000	69029	N	0	0	0
	0:00.000	69041	N	0	0	0
	0:00.000	69147	N	0	0	0
	0:00.000	69198	N	0	0	0
	0:00.000	69209	N	0	0	0
	0:00.000	69216	N	0	0	0
	0:00.000	69221	N	0	0	0
	0:00.000	69329	N	0	0	0
	0:00.000	69384	N	0	0	0
	0:00.000	69392	N	0	0	0
	0:00.000	69521	N	0	0	0
	0:00.000	69583	N	0	0	0
	0:00.000	69587	N	0	0	0
	0:00.000	69593	N	0	0	0
	0:00.000	69713	N	0	0	0
	0:00.000	69779	N	0	0	0
	0:00.000	69914	N	0	0	0
	0:00.000	70111	N	0	0	0
	0:00.000	70314	N	0	0	0
	0:00.000	70317	N	0	0	0
	0:00.000	70375	N	0	0	0
	0:00.000	70505	N	0	0	0
	0:00.000	70537	N	0	0	0
	0:00.000	70554	N	0	0	0
	0:00.000	70685	N	0	0	0
	0:00.000	70869	N	0	0	0
	0:00.000	71052	N	0	0	0
	0:00.000	71230	N	0	0	0
	0:00.000	71421	N	0	0	0
	0:00.000	71545	N	0	0	0
	0:00.000	71682	N	0	0	0
	0:00.000	71989	N	0	0	0
	0:00.000	72197	N	0	0	0
	0:00.000	72390	N	0	0	0
	0:00.000	72588	N	0	0	0
	0:00.000	72784	N	0	0	0
	0:00.000	72931	N	0	0	0
	0:00.000	73144	N	0	0	0
	0:00.000	73318	N	0	0	0
	0:00.000	73495	N	0	0	0
	0:00.000	73678	N	0	0	0
	0:00.000	73871	N	0	0	0
	0:00.000	74067	N	0	0	0
	0:00.000	74259	N	0	0	0
	0:00.000	74462	N	0	0	0
	0:00.000	74650	N	0	0	0
	0:00.000	75393	N	0	0	0
	0:00.000	75942	N	0	0	0
	0:00.000	76137	N	0	0	0
	0:00.000	76326	N	0	0	0
	0:00.000	76521	N	0	0	0
	0:00.000	76720	N	0	0	0
	0:00.000	76921	N	0	0	0
	0:00.000	77108	N	0	0	0
	0:00.000	77296	N	0	0	0
	0:00.000	77472	N	0	0	0
	0:00.000	77650	N	0	0	0
	0:00.000	77824	N	0	0	0
	0:00.000	78009	N	0	0	0
	0:00.000	78193	N	0	0	0
	0:00.000	78390	N	0	0	0
	0:00.000	78589	N	0	0	0
	0:00.000	78789	N	0	0	0
	0:00.000	78989	N	0	0	0
	0:00.000	79183	N	0	0	0
	0:00.000	79362	N	0	0	0
	0:00.000	79544	N	0	0	0
	0:00.000	79729	N	0	0	0
	0:00.000	79914	N	0	0	0
	0:00.000	80105	N	0	0	0
	0:00.000	80296	N	0	0	0
	0:00.000	80482	N	0	0	0
	0:00.000	80675	N	0	0	0
	0:00.000	80873	N	0	0	0
	0:00.000	81062	N	0	0	0
	0:00.000	81263	N	0	0	0
	0:00.000	81452	N	0	0	0
	0:00.000	81639	N	0	0	0
	0:00.000	81817	N	0	0	0
	0:00.000	81999	N	0	0	0
	0:00.000	82179	N	0	0	0
	0:00.000	82348	N	0	0	0
	0:00.000	82555	N	0	0	0
	0:00.000	82617	N	0	0	0
	0:00.000	82624	N	0	0	0
	0:00.000	82760	N	0	0	0
	0:00.000	82827	N	0	0	0
	0:00.000	82962	N	0	0	0
	0:00.000	83023	N	0	0	0
	0:00.000	83029	N	0	0	0
	0:00.000	83167	N	0	0	0
	0:00.000	83230	N	0	0	0
	0:00.000	83360	N	0	0	0
	0:00.000	83552	N	0	0	0
	0:00.000	83731	N	0	0	0
	0:00.000	83910	N	0	0	0
	0:00.000	84086	N	0	0	0
	0:00.000	84242	N	0	0	0
	0:00.000	84254	N	0	0	0
	0:00.000	84458	N	0	0	0
	0:00.000	84650	N	0	0	0
	0:00.000	84846	N	0	0	0
	0:00.000	85045	N	0	0	0
	0:00.000	85245	N	0	0	0
	0:00.000	85438	N	0	0	0
	0:00.000	85636	N	0	0	0
	0:00.000	85825	N	0	0	0
	0:00.000	86005	N	0	0	0
	0:00.000	86184	N	0	0	0
	0:00.000	86360	N	0	0	0
	0:00.000	86540	N	0	0	0
	0:00.000	86721	N	0	0	0
	0:00.000	86902	N	0	0	0
	0:00.000	87093	N	0	0	0
	0:00.000	87289	N	0	0	0
	0:00.000	87489	N	0	0	0
	0:00.000	87492	N	0	0	0
	0:00.000	87689	N	0	0	0
	0:00.000	87883	N	0	0	0
	0:00.000	88065	N	0	0	0
	0:00.000	88240	N	0	0	0
	0:00.000	88416	N	0	0	0
	0:00.000	88597	N	0	0	0
	0:00.000	88786	N	0	0	0
	0:00.000	88975	N	0	0	0
	0:00.000	89172	N	0	0	0
	0:00.000	89363	N	0	0	0
	0:00.000	89561	N	0	0	0
	0:00.000	89761	N	0	0	0
	0:00.000	89950	N	0	0	0
	0:00.000	90132	N	0	0	0
	0:00.000	90310	N	0	0	0
	0:00.000	90493	N	0	0	0
	0:00.000	90669	N	0	0	0
	0:00.000	90853	N	0	0	0
	0:00.000	91034	N	0	0	0
	0:00.000	91224	N	0	0	0
	0:00.000	91427	N	0	0	0
	0:00.000	91640	N	0	0	0
	0:00.000	91842	N	0	0	0
	0:00.000	92036	N	0	0	0
	0:00.000	92223	N	0	0	0
	0:00.000	92405	N	0	0	0
	0:00.000	92587	N	0	0	0
	0:00.000	92770	N	0	0	0
	0:00.000	92945	N	0	0	0
	0:00.000	93130	N	0	0	0
	0:00.000	93320	N	0	0	0
	0:00.000	93526	N	0	0	0
	0:00.000	93700	N	0	0	0
	0:00.000	93707	N	0	0	0
	0:00.000	93925	N	0	0	0
	0:00.000	94119	N	0	0	0
	0:00.000	94310	N	0	0	0
	0:00.000	94501	N	0	0	0
	0:00.000	94693	N	0	0	0
	0:00.000	94873	N	0	0	0
	0:00.000	95061	N	0	0	0
	0:00.000	95239	N	0	0	0
	0:00.000	95297	N	0	0	0
	0:00.000	95430	N	0	0	0
	0:00.000	95619	N	0	0	0
	0:00.000	95822	N	0	0	0
	0:00.000	96022	N	0	0	0
	0:00.000	96229	N	0	0	0
	0:00.000	96431	N	0	0	0
	0:00.000	96626	N	0	0	0
	0:00.000	96810	N	0	0	0
	0:00.000	96996	N	0	0	0
	0:00.000	97177	N	0	0	0
	0:00.000	97363	N	0	0	0
	0:00.000	97557	N	0	0	0
	0:00.000	97758	N	0	0	0
	0:00.000	97959	N	0	0	0
	0:00.000	98164	N	0	0	0
	0:00.000	98362	N	0	0	0
	0:00.000	98551	N	0	0	0
	0:00.000	98742	N	0	0	0
	0:00.000	98925	N	0	0	0
	0:00.000	99113	N	0	0	0
	0:00.000	99300	N	0	0	0
	0:00.000	99498	N	0	0	0
	0:00.000	99679	N	0	0	0
	0:00.000	99879	N	0	0	0
	0:00.000	100072	N	0	0	0
	0:00.000	100272	N	0	0	0
	0:00.000	100476	N	0	0	0
	0:00.000	100686	N	0	0	0
	0:00.000	100878	N	0	0	0
	0:00.000	101068	N	0	0	0
	0:00.000	101432	N	0	0	0
	0:00.000	101620	N	0	0	0
	0:00.000	101808	N	0	0	0
	0:00.000	102001	N	0	0	0
	0:00.000	102202	N	0	0	0
	0:00.000	102408	N	0	0	0
	0:00.000	102605	N	0	0	0
	0:00.000	102747	N	0	0	0
	0:00.000	102984	N	0	0	0
	0:00.000	103176	N	0	0	0
	0:00.000	103365	N	0	0	0
	0:00.000	103559	N	0	0	0
	0:00.000	103746	N	0	0	0
	0:00.000	103939	N	0	0	0
	0:00.000	104131	N	0	0	0
	0:00.000	104328	N	0	0	0
	0:00.000	104526	N	0	0	0
	0:00.000	104733	N	0	0	0
	0:00.000	104926	N	0	0	0
	0:00.000	105127	N	0	0	0
	0:00.000	105317	N	0	0	0
	0:00.000	105502	N	0	0	0
	0:00.000	105676	N	0	0	0
	0:00.000	105850	N	0	0	0
	0:00.000	106026	N	0	0	0
	0:00.000	106211	N	0	0	0
	0:00.000	106413	N	0	0	0
	0:00.000	106625	N	0	0	0
	0:00.000	106835	N	0	0	0
	0:00.000	107048	N	0	0	0
	0:00.000	107239	N	0	0	0
	0:00.000	107426	N	0	0	0
	0:00.000	107612	N	0	0	0
	0:00.000	107790	N	0	0	0
	0:00.000	107973	N	0	0	0
	0:00.000	108162	N	0	0	0
	0:00.000	108364	N	0	0	0
	0:00.000	108561	N	0	0	0
	0:00.000	108765	N	0	0	0
	0:00.000	108961	N	0	0	0
	0:00.000	109160	N	0	0	0
	0:00.000	109365	N	0	0	0
	0:00.000	109564	N	0	0	0
	0:00.000	109743	N	0	0	0
	0:00.000	109925	N	0	0	0
	0:00.000	110062	N	0	0	0
	0:00.000	110193	N	0	0	0
	0:00.000	110462	N	0	0	0
	0:00.000	110661	N	0	0	0
	0:00.000	110852	N	0	0	0
	0:00.000	111051	N	0	0	0
	0:00.000	111252	N	0	0	0
	0:00.000	111454	N	0	0	0
	0:00.000	111642	N	0	0	0
	0:00.000	111824	N	0	0	0
	0:00.000	112001	N	0	0	0
	0:00.000	112180	N	0	0	0
	0:00.000	112359	N	0	0	0
	0:00.000	112551	N	0	0	0
	0:00.000	112741	N	0	0	0
	0:00.000	112940	N	0	0	0
	0:00.000	113138	N	0	0	0
	0:00.000	113338	N	0	0	0
	0:00.000	113543	N	0	0	0
	0:00.000	113733	N	0	0	0
	0:00.000	113919	N	0	0	0
	0:00.000	114098	N	0	0	0
	0:00.000	114282	N	0	0	0
	0:00.000	114460	N	0	0	0
	0:00.000	114654	N	0	0	0
	0:00.000	114837	N	0	0	0
	0:00.000	115029	N	0	0	0
	0:00.000	115231	N	0	0	0
	0:00.000	115441	N	0	0	0
	0:00.000	115643	N	0	0	0
	0:00.000	115850	N	0	0	0
	0:00.000	116036	N	0	0	0
	0:00.000	116219	N	0	0	0
	0:00.000	116396	N	0	0	0
	0:00.000	116454	N	0	0	0
	0:00.000	116575	N	0	0	0
	0:00.000	116755	N	0	0	0
	0:00.000	116943	N	0	0	0
	0:00.000	117143	N	0	0	0
	0:00.000	117343	N	0	0	0
	0:00.000	117502	N	0	0	0
	0:00.000	117743	N	0	0	0
	0:00.000	117929	N	0	0	0
	0:00.000	118119	N	0	0	0
	0:00.000	118305	N	0	0	0
	0:00.000	118486	N	0	0	0
	0:00.000	118667	N	0	0	0
	0:00.000	118849	N	0	0	0
	0:00.000	119026	N	0	0	0
	0:00.000	119176	N	0	0	0
	0:00.000	119401	N	0	0	0
	0:00.000	119588	N	0	0	0
	0:00.000	119792	N	0	0	0
	0:00.000	119989	N	0	0	0
	0:00.000	120192	N	0	0	0
	0:00.000	120376	N	0	0	0
	0:00.000	120557	N	0	0	0
	0:00.000	120733	N	0	0	0
	0:00.000	120912	N	0	0	0
	0:00.000	121101	N	0	0	0
	0:00.000	121295	N	0	0	0
	0:00.000	121484	N	0	0	0
	0:00.000	121688	N	0	0	0
	0:00.000	121879	N	0	0	0
	0:00.000	122082	N	0	0	0
	0:00.000	122280	N	0	0	0
	0:00.000	122469	N	0	0	0
	0:00.000	122652	N	0	0	0
	0:00.000	122834	N	0	0	0
	0:00.000	123022	N	0	0	0
	0:00.000	123208	N	0	0	0
	0:00.000	123400	N	0	0	0
	0:00.000	123590	N	0	0	0
	0:00.000	123781	N	0	0	0
	0:00.000	123985	N	0	0	0
	0:00.000	124201	N	0	0	0
	0:00.000	124409	N	0	0	0
	0:00.000	124608	N	0	0	0
	0:00.000	124790	N	0	0	0
	0:00.000	124970	N	0	0	0
	0:00.000	125148	N	0	0	0
	0:00.000	125336	N	0	0	0
	0:00.000	125518	N	0	0	0
	0:00.000	125713	N	0	0	0
	0:00.000	125910	N	0	0	0
	0:00.000	126114	N	0	0	0
	0:00.000	126314	N	0	0	0
	0:00.000	126519	N	0	0	0
	0:00.000	126708	N	0	0	0
	0:00.000	126892	N	0	0	0
	0:00.000	127079	N	0	0	0
	0:00.000	127263	N	0	0	0
	0:00.000	127442	N	0	0	0
	0:00.000	127635	N	0	0	0
	0:00.000	127817	N	0	0	0
	0:00.000	128014	N	0	0	0
	0:00.000	128219	N	0	0	0
	0:00.000	128417	N	0	0	0
	0:00.000	128617	N	0	0	0
	0:00.000	128814	N	0	0	0
	0:00.000	129011	N	0	0	0
	0:00.000	129194	N	0	0	0
	0:00.000	129379	N	0	0	0
	0:00.000	129561	N	0	0	0
	0:00.000	129746	N	0	0	0
	0:00.000	129937	N	0	0	0
	0:00.000	130145	N	0	0	0
	0:00.000	130351	N	0	0	0
	0:00.000	130561	N	0	0	0
	0:00.000	130763	N	0	0	0
	0:00.000	130966	N	0	0	0
	0:00.000	131156	N	0	0	0
	0:00.000	131339	N	0	0	0
	0:00.000	131473	N	0	0	0
	0:00.000	131705	N	0	0	0
	0:00.000	131897	N	0	0	0
	0:00.000	132091	N	0	0	0
	0:00.000	132286	N	0	0	0
	0:00.000	132484	N	0	0	0
	0:00.000	132676	N	0	0	0
	0:00.000	132879	N	0	0	0
	0:00.000	133082	N	0	0	0
	0:00.000	133278	N	0	0	0
	0:00.000	133460	N	0	0	0
	0:00.000	133642	N	0	0	0
	0:00.000	133815	N	0	0	0
	0:00.000	133992	N	0	0	0
	0:00.000	134182	N	0	0	0
	0:00.000	134371	N	0	0	0
	0:00.000	134563	N	0	0	0
	0:00.000	134757	N	0	0	0
	0:00.000	134966	N	0	0	0
	0:00.000	135169	N	0	0	0
	0:00.000	135372	N	0	0	0
	0:00.000	135559	N	0	0	0
	0:00.000	135737	N	0	0	0
	0:00.000	135920	N	0	0	0
	0:00.000	136112	N	0	0	0
	0:00.000	136304	N	0	0	0
	0:00.000	136499	N	0	0	0
	0:00.000	136692	N	0	0	0
	0:00.000	136889	N	0	0	0
	0:00.000	137082	N	0	0	0
	0:00.000	137243	N	0	0	0
	0:00.000	137475	N	0	0	0
	0:00.000	137667	N	0	0	0
	0:00.000	137829	N	0	0	0
	0:00.000	137843	N	0	0	0
	0:00.000	138037	N	0	0	0
	0:00.000	138213	N	0	0	0
	0:00.000	138400	N	0	0	0
	0:00.000	138580	N	0	0	0
	0:00.000	138773	N	0	0	0
	0:00.000	138979	N	0	0	0
	0:00.000	139191	N	0	0	0
	0:00.000	139391	N	0	0	0
	0:00.000	139592	N	0	0	0
	0:00.000	139776	N	0	0	0
	0:00.000	139960	N	0	0	0
	0:00.000	140145	N	0	0	0
	0:00.000	140329	N	0	0	0
	0:00.000	140515	N	0	0	0
	0:00.000	140702	N	0	0	0
	0:00.000	140902	N	0	0	0
	0:00.000	141100	N	0	0	0
	0:00.000	141303	N	0	0	0
	0:00.000	141507	N	0	0	0
	0:00.000	141704	N	0	0	0
	0:00.000	141897	N	0	0	0
	0:00.000	142089	N	0	0	0
	0:00.000	142272	N	0	0	0
	0:00.000	142456	N	0	0	0
	0:00.000	142639	N	0	0	0
	0:00.000	142826	N	0	0	0
	0:00.000	143017	N	0	0	0
	0:00.000	143221	N	0	0	0
	0:00.000	143415	N	0	0	0
	0:00.000	143628	N	0	0	0
	0:00.000	143835	N	0	0	0
	0:00.000	144037	N	0	0	0
	0:00.000	144220	N	0	0	0
	0:00.000	144402	N	0	0	0
	0:00.000	144581	N	0	0	0
	0:00.000	144766	N	0	0	0
	0:00.000	144962	N	0	0	0
	0:00.000	145164	N	0	0	0
	0:00.000	145363	N	0	0	0
	0:00.000	145571	N	0	0	0
	0:00.000	145769	N	0	0	0
	0:00.000	145925	N	0	0	0
	0:00.000	146173	N	0	0	0
	0:00.000	146356	N	0	0	0
	0:00.000	146542	N	0	0	0
	0:00.000	146721	N	0	0	0
	0:00.000	146913	N	0	0	0
	0:00.000	147052	N	0	0	0
	0:00.000	147296	N	0	0	0
	0:00.000	147487	N	0	0	0
	0:00.000	147685	N	0	0	0
	0:00.000	147888	N	0	0	0
	0:00.000	148110	N	0	0	0
	0:00.000	148309	N	0	0	0
	0:00.000	148501	N	0	0	0
	0:00.000	148672	N	0	0	0
	0:00.000	148848	N	0	0	0
	0:00.000	149027	N	0	0	0
	0:00.000	149216	N	0	0	0
	0:00.000	149407	N	0	0	0
	0:00.000	149617	N	0	0	0
	0:00.000	149831	N	0	0	0
	0:00.000	150049	N	0	0	0
	0:00.000	150254	N	0	0	0
	0:00.000	150453	N	0	0	0
	0:00.000	150634	N	0	0	0
	0:00.000	150819	N	0	0	0
	0:00.000	151008	N	0	0	0
	0:00.000	151069	N	0	0	0
	0:00.000	151201	N	0	0	0
	0:00.000	151399	N	0	0	0
	0:00.000	151589	N	0	0	0
	0:00.000	151785	N	0	0	0
	0:00.000	151984	N	0	0	0
	0:00.000	152191	N	0	0	0
	0:00.000	152394	N	0	0	0
	0:00.000	152601	N	0	0	0
	0:00.000	152795	N	0	0	0
	0:00.000	152978	N	0	0	0
	0:00.000	153156	N	0	0	0
	0:00.000	153336	N	0	0	0
	0:00.000	153522	N	0	0	0
	0:00.000	153719	N	0	0	0
	0:00.000	153857	N	0	0	0
	0:00.000	153989	N	0	0	0
	0:00.000	154182	N	0	0	0
	0:00.000	154348	N	0	0	0
	0:00.000	154551	N	0	0	0
	0:00.000	154753	N	0	0	0
	0:00.000	154938	N	0	0	0
	0:00.000	155122	N	0	0	0
	0:00.000	155286	N	0	0	0
	0:00.000	155488	N	0	0	0
	0:00.000	155682	N	0	0	0
	0:00.000	155836	N	0	0	0
	0:00.000	155845	N	0	0	0
	0:00.000	156075	N	0	0	0
	0:00.000	156275	N	0	0	0
	0:00.000	156476	N	0	0	0
	0:00.000	156682	N	0	0	0
	0:00.000	156891	N	0	0	0
	0:00.000	157084	N	0	0	0
	0:00.000	157269	N	0	0	0
	0:00.000	157450	N	0	0	0
	0:00.000	157631	N	0	0	0
	0:00.000	157815	N	0	0	0
	0:00.000	158007	N	0	0	0
	0:00.000	158194	N	0	0	0
	0:00.000	158398	N	0	0	0
	0:00.000	158461	N	0	0	0
	0:00.000	158554	N	0	0	0
	0:00.000	158822	N	0	0	0
	0:00.000	159016	N	0	0	0
	0:00.000	159207	N	0	0	0
	0:00.000	159389	N	0	0	0
	0:00.000	159574	N	0	0	0
	0:00.000	159637	N	0	0	0
	0:00.000	159761	N	0	0	0
	0:00.000	159953	N	0	0	0
	0:00.000	160140	N	0	0	0
	0:00.000	160337	N	0	0	0
	0:00.000	160533	N	0	0	0
	0:00.000	160732	N	0	0	0
	0:00.000	160939	N	0	0	0
	0:00.000	161131	N	0	0	0
	0:00.000	161325	N	0	0	0
	0:00.000	161509	N	0	0	0
	0:00.000	161696	N	0	0	0
	0:00.000	161875	N	0	0	0
	0:00.000	162062	N	0	0	0
	0:00.000	162218	N	0	0	0
	0:00.000	162227	N	0	0	0
	0:00.000	162432	N	0	0	0
	0:00.000	162632	N	0	0	0
	0:00.000	162847	N	0	0	0
	0:00.000	163051	N	0	0	0
	0:00.000	163258	N	0	0	0
	0:00.000	163443	N	0	0	0
	0:00.000	163625	N	0	0	0
	0:00.000	163806	N	0	0	0
	0:00.000	163988	N	0	0	0
	0:00.000	164175	N	0	0	0
	0:00.000	164363	N	0	0	0
	0:00.000	164562	N	0	0	0
	0:00.000	164757	N	0	0	0
	0:00.000	164962	N	0	0	0
	0:00.000	165163	N	0	0	0
	0:00.000	165360	N	0	0	0
	0:00.000	165560	N	0	0	0
	0:00.000	165752	N	0	0	0
	0:00.000	165934	N	0	0	0
	0:00.000	166117	N	0	0	0
	0:00.000	166297	N	0	0	0
	0:00.000	166485	N	0	0	0
	0:00.000	166666	N	0	0	0
	0:00.000	166865	N	0	0	0
	0:00.000	167055	N	0	0	0
	0:00.000	167263	N	0	0	0
	0:00.000	167472	N	0	0	0
	0:00.000	167677	N	0	0	0
	0:00.000	167859	N	0	0	0
	0:00.000	168042	N	0	0	0
	0:00.000	168221	N	0	0	0
	0:00.000	168405	N	0	0	0
	0:00.000	168598	N	0	0	0
	0:00.000	168793	N	0	0	0
	0:00.000	168989	N	0	0	0
	0:00.000	169197	N	0	0	0
	0:00.000	169397	N	0	0	0
	0:00.000	169598	N	0	0	0
	0:00.000	169796	N	0	0	0
	0:00.000	169982	N	0	0	0
	0:00.000	170168	N	0	0	0
	0:00.000	170351	N	0	0	0
	0:00.000	170535	N	0	0	0
	0:00.000	170722	N	0	0	0
	0:00.000	171106	N	0	0	0
	0:00.000	171297	N	0	0	0
	0:00.000	171497	N	0	0	0
	0:00.000	171709	N	0	0	0
	0:00.000	171914	N	0	0	0
	0:00.000	172116	N	0	0	0
	0:00.000	172296	N	0	0	0
	0:00.000	172474	N	0	0	0
	0:00.000	172651	N	0	0	0
	0:00.000	172836	N	0	0	0
	0:00.000	173019	N	0	0	0
	0:00.000	173217	N	0	0	0
	0:00.000	173351	N	0	0	0
	0:00.000	173616	N	0	0	0
	0:00.000	173811	N	0	0	0
	0:00.000	174014	N	0	0	0
	0:00.000	174202	N	0	0	0
	0:00.000	174388	N	0	0	0
	0:00.000	174571	N	0	0	0
	0:00.000	174753	N	0	0	0
	0:00.000	174927	N	0	0	0
	0:00.000	175117	N	0	0	0
	0:00.000	175296	N	0	0	0
	0:00.000	175487	N	0	0	0
	0:00.000	175674	N	0	0	0
	0:00.000	175870	N	0	0	0
	0:00.000	176061	N	0	0	0
	0:00.000	176260	N	0	0	0
	0:00.000	176453	N	0	0	0
	0:00.000	176637	N	0	0	0
	0:00.000	176816	N	0	0	0
	0:00.000	176997	N	0	0	0
	0:00.000	177174	N	0	0	0
	0:00.000	177357	N	0	0	0
	0:00.000	177551	N	0	0	0
	0:00.000	177758	N	0	0	0
	0:00.000	177959	N	0	0	0
	0:00.000	178108	N	0	0	0
	0:00.000	178354	N	0	0	0
	0:00.000	178546	N	0	0	0
	0:00.000	178719	N	0	0	0
	0:00.000	178912	N	0	0	0
	0:00.000	178980	N	0	0	0
	0:00.000	179093	N	0	0	0
	0:00.000	179276	N	0	0	0
	0:00.000	179466	N	0	0	0
	0:00.000	179610	N	0	0	0
	0:00.000	179714	N	0	0	0
	0:00.000	180052	N	0	0	0
	0:00.000	180208	N	0	0	0
	0:00.000	180215	N	0	0	0
	0:00.000	180456	N	0	0	0
	0:00.000	180663	N	0	0	0
	0:00.000	180854	N	0	0	0
	0:00.000	181037	N	0	0	0
	0:00.000	181217	N	0	0	0
	0:00.000	181398	N	0	0	0
	0:00.000	181456	N	0	0	0
	0:00.000	181578	N	0	0	0
	0:00.000	181640	N	0	0	0
	0:00.000	181648	N	0	0	0
	0:00.000	181768	N	0	0	0
	0:00.000	181955	N	0	0	0
	0:00.000	182159	N	0	0	0
	0:00.000	182361	N	0	0	0
	0:00.000	182572	N	0	0	0
	0:00.000	182768	N	0	0	0
	0:00.000	182935	N	0	0	0
	0:00.000	182945	N	0	0	0
	0:00.000	183139	N	0	0	0
	0:00.000	183317	N	0	0	0
	0:00.000	183502	N	0	0	0
	0:00.000	183695	N	0	0	0
	0:00.000	183881	N	0	0	0
	0:00.000	184077	N	0	0	0
	0:00.000	184266	N	0	0	0
	0:00.000	184465	N	0	0	0
	0:00.000	184666	N	0	0	0
	0:00.000	184866	N	0	0	0
	0:00.000	185058	N	0	0	0
	0:00.000	185242	N	0	0	0
	0:00.000	185426	N	0	0	0
	0:00.000	185605	N	0	0	0
	0:00.000	185791	N	0	0	0
	0:00.000	185979	N	0	0	0
	0:00.000	186167	N	0	0	0
	0:00.000	186363	N	0	0	0
	0:00.000	186574	N	0	0	0
	0:00.000	186786	N	0	0	0
	0:00.000	186996	N	0	0	0
	0:00.000	187193	N	0	0	0
	0:00.000	187379	N	0	0	0
	0:00.000	187557	N	0	0	0
	0:00.000	187740	N	0	0	0
	0:00.000	187918	N	0	0	0
	0:00.000	188115	N	0	0	0
	0:00.000	188313	N	0	0	0
	0:00.000	188527	N	0	0	0
	0:00.000	188726	N	0	0	0
	0:00.000	188933	N	0	0	0
	0:00.000	189129	N	0	0	0
	0:00.000	189328	N	0	0	0
	0:00.000	189526	N	0	0	0
	0:00.000	189651	N	0	0	0
	0:00.000	189896	N	0	0	0
	0:00.000	190082	N	0	0	0
	0:00.000	190267	N	0	0	0
	0:00.000	190456	N	0	0	0
	0:00.000	190661	N	0	0	0
	0:00.000	190860	N	0	0	0
	0:00.000	191065	N	0	0	0
	0:00.000	191268	N	0	0	0
	0:00.000	191474	N	0	0	0
	0:00.000	191661	N	0	0	0
	0:00.000	191846	N	0	0	0
	0:00.000	192000	N	0	0	0
	0:00.000	192127	N	0	0	0
	0:00.000	192399	N	0	0	0
	0:00.000	192602	N	0	0	0
	0:00.000	192802	N	0	0	0
	0:00.000	193011	N	0	0	0
	0:00.000	193210	N	0	0	0
	0:00.000	193414	N	0	0	0
	0:00.000	193614	N	0	0	0
	0:00.000	193798	N	0	0	0
	0:00.000	193980	N	0	0	0
	0:00.000	194159	N	0	0	0
	0:00.000	194344	N	0	0	0
	0:00.000	194527	N	0	0	0
	0:00.000	194715	N	0	0	0
	0:00.000	194897	N	0	0	0
	0:00.000	195085	N	0	0	0
	0:00.000	195288	N	0	0	0
	0:00.000	195500	N	0	0	0
	0:00.000	195700	N	0	0	0
	0:00.000	195893	N	0	0	0
	0:00.000	196068	N	0	0	0
	0:00.000	196247	N	0	0	0
	0:00.000	196422	N	0	0	0
	0:00.000	196609	N	0	0	0
	0:00.000	196788	N	0	0	0
	0:00.000	196982	N	0	0	0
	0:00.000	197180	N	0	0	0
	0:00.000	197388	N	0	0	0
	0:00.000	197591	N	0	0	0
	0:00.000	197794	N	0	0	0
	0:00.000	197987	N	0	0	0
	0:00.000	198175	N	0	0	0
	0:00.000	198362	N	0	0	0
	0:00.000	198545	N	0	0	0
	0:00.000	198730	N	0	0	0
	0:00.000	198920	N	0	0	0
	0:00.000	199110	N	0	0	0
	0:00.000	199302	N	0	0	0
	0:00.000	199505	N	0	0	0
	0:00.000	199698	N	0	0	0
	0:00.000	199885	N	0	0	0
	0:00.000	199892	N	0	0	0
	0:00.000	200110	N	0	0	0
	0:00.000	200303	N	0	0	0
	0:00.000	200481	N	0	0	0
	0:00.000	200660	N	0	0	0
	0:00.000	200836	N	0	0	0
	0:00.000	201023	N	0	0	0
	0:00.000	201214	N	0	0	0
	0:00.000	201417	N	0	0	0
	0:00.000	201615	N	0	0	0
	0:00.000	201831	N	0	0	0
	0:00.000	202022	N	0	0	0
	0:00.000	202217	N	0	0	0
	0:00.000	202402	N	0	0	0
	0:00.000	202545	N	0	0	0
	0:00.000	202767	N	0	0	0
	0:00.000	202947	N	0	0	0
	0:00.000	203138	N	0	0	0
	0:00.000	203318	N	0	0	0
	0:00.000	203510	N	0	0	0
	0:00.000	203701	N	0	0	0
	0:00.000	203896	N	0	0	0
	0:00.000	204100	N	0	0	0
	0:00.000	204308	N	0	0	0
	0:00.000	204471	N	0	0	0
	0:00.000	204681	N	0	0	0
	0:00.000	204856	N	0	0	0
	0:00.000	205038	N	0	0	0
	0:00.000	205216	N	0	0	0
	0:00.000	205404	N	0	0	0
	0:00.000	205588	N	0	0	0
	0:00.000	205791	N	0	0	0
	0:00.000	205996	N	0	0	0
	0:00.000	206159	N	0	0	0
	0:00.000	206276	N	0	0	0
	0:00.000	206594	N	0	0	0
	0:00.000	206782	N	0	0	0
	0:00.000	206963	N	0	0	0
	0:00.000	207146	N	0	0	0
	0:00.000	207332	N	0	0	0
	0:00.000	207524	N	0	0	0
	0:00.000	207721	N	0	0	0
	0:00.000	207908	N	0	0	0
	0:00.000	208103	N	0	0	0
	0:00.000	208306	N	0	0	0
	0:00.000	208503	N	0	0	0
	0:00.000	208706	N	0	0	0
	0:00.000	208893	N	0	0	0
	0:00.000	209081	N	0	0	0
	0:00.000	209262	N	0	0	0
	0:00.000	209443	N	0	0	0
	0:00.000	209631	N	0	0	0
	0:00.000	209816	N	0	0	0
	0:00.000	210014	N	0	0	0
	0:00.000	210224	N	0	0	0
	0:00.000	210428	N	0	0	0
	0:00.000	210636	N	0	0	0
	0:00.000	210833	N	0	0	0
	0:00.000	211026	N	0	0	0
	0:00.000	211205	N	0	0	0
	0:00.000	211387	N	0	0	0
	0:00.000	211562	N	0	0	0
	0:00.000	211749	N	0	0	0
	0:00.000	211940	N	0	0	0
	0:00.000	212140	N	0	0	0
	0:00.000	212328	N	0	0	0
	0:00.000	212485	N	0	0	0
	0:00.000	212717	N	0	0	0
	0:00.000	212913	N	0	0	0
	0:00.000	213068	N	0	0	0
	0:00.000	213304	N	0	0	0
	0:00.000	213482	N	0	0	0
	0:00.000	213663	N	0	0	0
	0:00.000	213837	N	0	0	0
	0:00.000	214025	N	0	0	0
	0:00.000	214215	N	0	0	0
	0:00.000	214407	N	0	0	0
	0:00.000	214603	N	0	0	0
	0:00.000	214802	N	0	0	0
	0:00.000	215008	N	0	0	0
	0:00.000	215207	N	0	0	0
	0:00.000	215395	N	0	0	0
	0:00.000	215573	N	0	0	0
	0:00.000	215748	N	0	0	0
	0:00.000	215929	N	0	0	0
	0:00.000	216120	N	0	0	0
	0:00.000	216310	N	0	0	0
	0:00.000	216506	N	0	0	0
	0:00.000	216701	N	0	0	0
	0:00.000	216896	N	0	0	0
	0:00.000	217092	N	0	0	0
	0:00.000	217296	N	0	0	0
	0:00.000	217484	N	0	0	0
	0:00.000	217672	N	0	0	0
	0:00.000	217853	N	0	0	0
	0:00.000	218040	N	0	0	0
	0:00.000	218222	N	0	0	0
	0:00.000	218411	N	0	0	0
	0:00.000	218598	N	0	0	0
	0:00.000	218793	N	0	0	0
	0:00.000	218976	N	0	0	0
	0:00.000	219218	N	0	0	0
	0:00.000	219416	N	0	0	0
	0:00.000	219614	N	0	0	0
	0:00.000	219797	N	0	0	0
	0:00.000	219981	N	0	0	0
	0:00.000	220162	N	0	0	0
	0:00.000	220346	N	0	0	0
	0:00.000	220533	N	0	0	0
	0:00.000	220726	N	0	0	0
	0:00.000	220929	N	0	0	0
	0:00.000	221136	N	0	0	0
	0:00.000	221342	N	0	0	0
	0:00.000	221547	N	0	0	0
	0:00.000	221741	N	0	0	0
	0:00.000	221888	N	0	0	0
	0:00.000	222121	N	0	0	0
	0:00.000	222304	N	0	0	0
	0:00.000	222493	N	0	0	0
	0:00.000	222680	N	0	0	0
	0:00.000	222874	N	0	0	0
	0:00.000	223036	N	0	0	0
	0:00.000	223276	N	0	0	0
	0:00.000	223467	N	0	0	0
	0:00.000	223674	N	0	0	0
	0:00.000	223872	N	0	0	0
	0:00.000	224064	N	0	0	0
	0:00.000	224247	N	0	0	0
	0:00.000	224429	N	0	0	0
	0:00.000	224605	N	0	0	0
	0:00.000	224786	N	0	0	0
	0:00.000	224978	N	0	0	0
	0:00.000	225182	N	0	0	0
	0:00.000	225382	N	0	0	0
	0:00.000	225590	N	0	0	0
	0:00.000	225784	N	0	0	0
	0:00.000	225977	N	0	0	0
	0:00.000	226165	N	0	0	0
	0:00.000	226347	N	0	0	0
	0:00.000	226530	N	0	0	0
	0:00.000	226715	N	0	0	0
	0:00.000	226910	N	0	0	0
	0:00.000	227099	N	0	0	0
	0:00.000	227296	N	0	0	0
	0:00.000	227494	N	0	0	0
	0:00.000	227695	N	0	0	0
	0:00.000	227903	N	0	0	0
	0:00.000	228114	N	0	0	0
	0:00.000	228305	N	0	0	0
	0:00.000	228495	N	0	0	0
	0:00.000	228676	N	0	0	0
	0:00.000	228861	N	0	0	0
	0:00.000	229050	N	0	0	0
	0:00.000	229247	N	0	0	0
	0:00.000	229441	N	0	0	0
	0:00.000	229647	N	0	0	0
	0:00.000	229860	N	0	0	0
	0:00.000	230072	N	0	0	0
	0:00.000	230280	N	0	0	0
	0:00.000	230475	N	0	0	0
	0:00.000	230660	N	0	0	0
	0:00.000	230845	N	0	0	0
	0:00.000	231034	N	0	0	0
	0:00.000	231229	N	0	0	0
	0:00.000	231427	N	0	0	0
	0:00.000	231625	N	0	0	0
	0:00.000	231827	N	0	0	0
	0:00.000	232027	N	0	0	0
	0:00.000	232230	N	0	0	0
	0:00.000	232423	N	0	0	0
	0:00.000	232575	N	0	0	0
	0:00.000	232809	N	0	0	0
	0:00.000	232991	N	0	0	0
	0:00.000	233167	N	0	0	0
	0:00.000	233346	N	0	0	0
	0:00.000	233529	N	0	0	0
	0:00.000	233725	N	0	0	0
	0:00.000	233940	N	0	0	0
	0:00.000	234151	N	0	0	0
	0:00.000	234291	N	0	0	0
	0:00.000	234562	N	0	0	0
	0:00.000	234755	N	0	0	0
	0:00.000	234942	N	0	0	0
	0:00.000	235130	N	0	0	0
	0:00.000	235310	N	0	0	0
	0:00.000	235456	N	0	0	0
	0:00.000	235690	N	0	0	0
	0:00.000	235890	N	0	0	0
	0:00.000	236089	N	0	0	0
	0:00.000	236293	N	0	0	0
	0:00.000	236445	N	0	0	0
	0:00.000	236692	N	0	0	0
	0:00.000	236894	N	0	0	0
	0:00.000	237085	N	0	0	0
	0:00.000	237271	N	0	0	0
	0:00.000	237452	N	0	0	0
	0:00.000	237637	N	0	0	0
	0:00.000	237822	N	0	0	0
	0:00.000	238018	N	0	0	0
	0:00.000	238210	N	0	0	0
	0:00.000	238418	N	0	0	0
	0:00.000	238626	N	0	0	0
	0:00.000	238839	N	0	0	0
	0:00.000	239037	N	0	0	0
	0:00.000	239224	N	0	0	0
	0:00.000	239402	N	0	0	0
	0:00.000	239585	N	0	0	0
	0:00.000	239777	N	0	0	0
	0:00.000	239974	N	0	0	0
	0:00.000	240172	N	0	0	0
	0:00.000	240374	N	0	0	0
	0:00.000	240573	N	0	0	0
	0:00.000	240770	N	0	0	0
	0:00.000	240976	N	0	0	0
	0:00.000	241167	N	0	0	0
	0:00.000	241364	N	0	0	0
	0:00.000	241553	N	0	0	0
	0:00.000	241742	N	0	0	0
	0:00.000	241926	N	0	0	0
	0:00.000	242114	N	0	0	0
	0:00.000	242297	N	0	0	0
	0:00.000	242509	N	0	0	0
	0:00.000	242570	N	0	0	0
	0:00.000	242577	N	0	0	0
	0:00.000	242581	N	0	0	0
	0:00.000	242586	N	0	0	0
	0:00.000	242723	N	0	0	0
	0:00.000	242797	N	0	0	0
	0:00.000	242948	N	0	0	0
	0:00.000	243014	N	0	0	0
	0:00.000	243020	N	0	0	0
	0:00.000	243158	N	0	0	0
	0:00.000	243228	N	0	0	0
	0:00.000	243230	N	0	0	0
	0:00.000	243355	N	0	0	0
	0:00.000	243415	N	0	0	0
	0:00.000	243538	N	0	0	0
	0:00.000	243718	N	0	0	0
	0:00.000	243904	N	0	0	0
	0:00.000	244086	N	0	0	0
	0:00.000	244279	N	0	0	0
	0:00.000	244472	N	0	0	0
	0:00.000	244677	N	0	0	0
	0:00.000	244879	N	0	0	0
	0:00.000	245084	N	0	0	0
	0:00.000	245281	N	0	0	0
	0:00.000	245478	N	0	0	0
	0:00.000	245624	N	0	0	0
	0:00.000	245852	N	0	0	0
	0:00.000	246027	N	0	0	0
	0:00.000	246210	N	0	0	0
	0:00.000	246390	N	0	0	0
	0:00.000	246576	N	0	0	0
	0:00.000	246771	N	0	0	0
	0:00.000	246961	N	0	0	0
	0:00.000	247164	N	0	0	0
	0:00.000	247367	N	0	0	0
	0:00.000	247574	N	0	0	0
	0:00.000	247760	N	0	0	0
	0:00.000	247943	N	0	0	0
	0:00.000	248120	N	0	0	0
	0:00.000	248300	N	0	0	0
	0:00.000	248364	N	0	0	0
	0:00.000	248490	N	0	0	0
	0:00.000	248690	N	0	0	0
	0:00.000	248885	N	0	0	0
	0:00.000	249092	N	0	0	0
	0:00.000	249291	N	0	0	0
	0:00.000	249495	N	0	0	0
	0:00.000	249696	N	0	0	0
	0:00.000	249892	N	0	0	0
	0:00.000	250080	N	0	0	0
	0:00.000	250264	N	0	0	0
	0:00.000	250450	N	0	0	0
	0:00.000	250639	N	0	0	0
	0:00.000	250830	N	0	0	0
	0:00.000	251026	N	0	0	0
	0:00.000	251221	N	0	0	0
	0:00.000	251422	N	0	0	0
	0:00.000	251631	N	0	0	0
	0:00.000	251836	N	0	0	0
	0:00.000	252035	N	0	0	0
	0:00.000	252220	N	0	0	0
	0:00.000	252404	N	0	0	0
	0:00.000	252582	N	0	0	0
	0:00.000	252767	N	0	0	0
	0:00.000	252945	N	0	0	0
	0:00.000	253141	N	0	0	0
	0:00.000	253341	N	0	0	0
	0:00.000	253553	N	0	0	0
	0:00.000	253752	N	0	0	0
	0:00.000	253953	N	0	0	0
	0:00.000	254139	N	0	0	0
	0:00.000	254327	N	0	0	0
	0:00.000	254517	N	0	0	0
	0:00.000	254706	N	0	0	0
	0:00.000	254893	N	0	0	0
	0:00.000	255083	N	0	0	0
	0:00.000	255266	N	0	0	0
	0:00.000	255458	N	0	0	0
	0:00.000	255660	N	0	0	0
	0:00.000	255857	N	0	0	0
	0:00.000	256065	N	0	0	0
	0:00.000	256261	N	0	0	0
	0:00.000	256452	N	0	0	0
	0:00.000	256631	N	0	0	0
	0:00.000	256813	N	0	0	0
	0:00.000	256994	N	0	0	0
	0:00.000	257179	N	0	0	0
	0:00.000	257375	N	0	0	0
	0:00.000	257579	N	0	0	0
	0:00.000	257776	N	0	0	0
	0:00.000	257984	N	0	0	0
	0:00.000	258181	N	0	0	0
	0:00.000	258379	N	0	0	0
	0:00.000	258566	N	0	0	0
	0:00.000	258750	N	0	0	0
	0:00.000	258927	N	0	0	0
	0:00.000	259107	N	0	0	0
	0:00.000	259290	N	0	0	0
	0:00.000	259481	N	0	0	0
	0:00.000	259670	N	0	0	0
	0:00.000	259869	N	0	0	0
	0:00.000	260059	N	0	0	0
	0:00.000	260254	N	0	0	0
	0:00.000	260446	N	0	0	0
	0:00.000	260576	N	0	0	0
	0:00.000	260841	N	0	0	0
	0:00.000	261027	N	0	0	0
	0:00.000	261203	N	0	0	0
	0:00.000	261384	N	0	0	0
	0:00.000	261573	N	0	0	0
	0:00.000	261766	N	0	0	0
	0:00.000	261967	N	0	0	0
	0:00.000	262172	N	0	0	0
	0:00.000	262384	N	0	0	0
	0:00.000	262587	N	0	0	0
	0:00.000	262786	N	0	0	0
	0:00.000	262973	N	0	0	0
	0:00.000	263158	N	0	0	0
	0:00.000	263345	N	0	0	0
	0:00.000	263538	N	0	0	0
	0:00.000	263727	N	0	0	0
	0:00.000	263928	N	0	0	0
	0:00.000	264076	N	0	0	0
	0:00.000	264329	N	0	0	0
	0:00.000	264528	N	0	0	0
	0:00.000	264730	N	0	0	0
	0:00.000	264920	N	0	0	0
	0:00.000	265112	N	0	0	0
	0:00.000	265299	N	0	0	0
	0:00.000	265483	N	0	0	0
	0:00.000	265669	N	0	0	0
	0:00.000	265855	N	0	0	0
	0:00.000	266038	N	0	0	0
	0:00.000	266231	N	0	0	0
	0:00.000	266439	N	0	0	0
	0:00.000	266647	N	0	0	0
	0:00.000	266851	N	0	0	0
	0:00.000	267045	N	0	0	0
	0:00.000	267225	N	0	0	0
	0:00.000	267403	N	0	0	0
	0:00.000	267585	N	0	0	0
	0:00.000	267724	N	0	0	0
	0:00.000	267952	N	0	0	0
	0:00.000	268139	N	0	0	0
	0:00.000	268342	N	0	0	0
	0:00.000	268538	N	0	0	0
	0:00.000	268743	N	0	0	0
	0:00.000	268942	N	0	0	0
	0:00.000	269140	N	0	0	0
	0:00.000	269335	N	0	0	0
	0:00.000	269524	N	0	0	0
	0:00.000	269705	N	0	0	0
	0:00.000	269890	N	0	0	0
	0:00.000	270076	N	0	0	0
	0:00.000	270267	N	0	0	0
	0:00.000	270461	N	0	0	0
	0:00.000	270662	N	0	0	0
	0:00.000	270864	N	0	0	0
	0:00.000	271074	N	0	0	0
	0:00.000	271286	N	0	0	0
	0:00.000	271483	N	0	0	0
	0:00.000	271668	N	0	0	0
	0:00.000	271850	N	0	0	0
	0:00.000	272031	N	0	0	0
	0:00.000	272222	N	0	0	0
	0:00.000	272424	N	0	0	0
	0:00.000	272627	N	0	0	0
	0:00.000	272836	N	0	0	0
	0:00.000	273035	N	0	0	0
	0:00.000	273238	N	0	0	0
	0:00.000	273439	N	0	0	0
	0:00.000	273639	N	0	0	0
	0:00.000	273829	N	0	0	0
	0:00.000	274015	N	0	0	0
	0:00.000	274202	N	0	0	0
	0:00.000	274394	N	0	0	0
	0:00.000	274588	N	0	0	0
	0:00.000	274785	N	0	0	0
	0:00.000	274984	N	0	0	0
	0:00.000	275190	N	0	0	0
	0:00.000	275410	N	0	0	0
	0:00.000	275618	N	0	0	0
	0:00.000	275820	N	0	0	0
	0:00.000	276003	N	0	0	0
	0:00.000	276188	N	0	0	0
	0:00.000	276369	N	0	0	0
	0:00.000	276556	N	0	0	0
	0:00.000	276746	N	0	0	0
	0:00.000	276948	N	0	0	0
	0:00.000	277161	N	0	0	0
	0:00.000	277367	N	0	0	0
	0:00.000	277571	N	0	0	0
	0:00.000	277764	N	0	0	0
	0:00.000	277957	N	0	0	0
	0:00.000	278151	N	0	0	0
	0:00.000	278343	N	0	0	0
	0:00.000	278526	N	0	0	0
	0:00.000	278715	N	0	0	0
	0:00.000	278898	N	0	0	0
	0:00.000	279097	N	0	0	0
	0:00.000	279299	N	0	0	0
	0:00.000	279504	N	0	0	0
	0:00.000	279666	N	0	0	0
	0:00.000	279907	N	0	0	0
	0:00.000	280104	N	0	0	0
	0:00.000	280286	N	0	0	0
	0:00.000	280467	N	0	0	0
	0:00.000	280642	N	0	0	0
	0:00.000	280814	N	0	0	0
	0:00.000	281000	N	0	0	0
	0:00.000	281197	N	0	0	0
	0:00.000	281401	N	0	0	0
	0:00.000	281610	N	0	0	0
	0:00.000	281810	N	0	0	0
	0:00.000	282006	N	0	0	0
	0:00.000	282193	N	0	0	0
	0:00.000	282382	N	0	0	0
	0:00.000	282562	N	0	0	0
	0:00.000	282749	N	0	0	0
	0:00.000	282937	N	0	0	0
	0:00.000	283130	N	0	0	0
	0:00.000	283320	N	0	0	0
	0:00.000	283520	N	0	0	0
	0:00.000	283722	N	0	0	0
	0:00.000	283932	N	0	0	0
	0:00.000	284147	N	0	0	0
	0:00.000	284352	N	0	0	0
	0:00.000	284543	N	0	0	0
	0:00.000	284728	N	0	0	0
	0:00.000	284910	N	0	0	0
	0:00.000	285093	N	0	0	0
	0:00.000	285289	N	0	0	0
	0:00.000	285474	N	0	0	0
	0:00.000	285678	N	0	0	0
	0:00.000	285889	N	0	0	0
	0:00.000	286103	N	0	0	0
	0:00.000	286308	N	0	0	0
	0:00.000	286507	N	0	0	0
	0:00.000	286693	N	0	0	0
	0:00.000	286880	N	0	0	0
	0:00.000	287070	N	0	0	0
	0:00.000	287261	N	0	0	0
	0:00.000	287455	N	0	0	0
	0:00.000	287649	N	0	0	0
	0:00.000	287843	N	0	0	0
	0:00.000	288041	N	0	0	0
	0:00.000	288251	N	0	0	0
	0:00.000	288450	N	0	0	0
	0:00.000	288656	N	0	0	0
	0:00.000	288850	N	0	0	0
	0:00.000	289035	N	0	0	0
	0:00.000	289212	N	0	0	0
	0:00.000	289395	N	0	0	0
	0:00.000	289580	N	0	0	0
	0:00.000	289773	N	0	0	0
	0:00.000	289979	N	0	0	0
	0:00.000	290188	N	0	0	0
	0:00.000	290389	N	0	0	0
	0:00.000	290593	N	0	0	0
	0:00.000	290789	N	0	0	0
	0:00.000	290978	N	0	0	0
	0:00.000	291164	N	0	0	0
	0:00.000	291338	N	0	0	0
	0:00.000	291519	N	0	0	0
	0:00.000	291701	N	0	0	0
	0:00.000	291899	N	0	0	0
	0:00.000	292090	N	0	0	0
	0:00.000	292290	N	0	0	0
	0:00.000	292481	N	0	0	0
	0:00.000	292674	N	0	0	0
	0:00.000	292853	N	0	0	0
	0:00.000	293079	N	0	0	0
	0:00.000	293263	N	0	0	0
	0:00.000	293448	N	0	0	0
	0:00.000	293621	N	0	0	0
	0:00.000	293806	N	0	0	0
	0:00.000	293991	N	0	0	0
	0:00.000	294187	N	0	0	0
	0:00.000	294385	N	0	0	0
	0:00.000	294588	N	0	0	0
	0:00.000	294794	N	0	0	0
	0:00.000	294997	N	0	0	0
	0:00.000	295193	N	0	0	0
	0:00.000	295381	N	0	0	0
	0:00.000	295564	N	0	0	0
	0:00.000	295750	N	0	0	0
	0:00.000	295941	N	0	0	0
	0:00.000	296133	N	0	0	0
	0:00.000	296334	N	0	0	0
	0:00.000	296534	N	0	0	0
	0:00.000	296738	N	0	0	0
	0:00.000	296932	N	0	0	0
	0:00.000	297134	N	0	0	0
	0:00.000	297322	N	0	0	0
	0:00.000	297513	N	0	0	0
	0:00.000	297700	N	0	0	0
	0:00.000	297888	N	0	0	0
	0:00.000	298070	N	0	0	0
	0:00.000	298256	N	0	0	0
	0:00.000	298439	N	0	0	0
	0:00.000	298635	N	0	0	0
	0:00.000	298845	N	0	0	0
	0:00.000	299059	N	0	0	0
	0:00.000	299264	N	0	0	0
	0:00.000	299462	N	0	0	0
	0:00.000	299644	N	0	0	0
	0:00.000	299827	N	0	0	0
	0:00.000	300012	N	0	0	0
	0:00.000	300192	N	0	0	0
	0:00.000	300378	N	0	0	0
	0:00.000	300564	N	0	0	0
	0:00.000	300764	N	0	0	0
	0:00.000	300926	N	0	0	0
	0:00.000	301162	N	0	0	0
	0:00.000	301359	N	0	0	0
	0:00.000	301550	N	0	0	0
	0:00.000	301735	N	0	0	0
	0:00.000	301922	N	0	0	0
	0:00.000	302102	N	0	0	0
	0:00.000	302287	N	0	0	0
	0:00.000	302472	N	0	0	0
	0:00.000	302657	N	0	0	0
	0:00.000	302842	N	0	0	0
	0:00.000	303043	N	0	0	0
	0:00.000	303237	N	0	0	0
	0:00.000	303443	N	0	0	0
	0:00.000	303646	N	0	0	0
	0:00.000	303849	N	0	0	0
	0:00.000	304031	N	0	0	0
	0:00.000	304217	N	0	0	0
	0:00.000	304396	N	0	0	0
	0:00.000	304582	N	0	0	0
	0:00.000	304779	N	0	0	0
	0:00.000	304986	N	0	0	0
	0:00.000	305187	N	0	0	0
	0:00.000	305400	N	0	0	0
	0:00.000	305596	N	0	0	0
	0:00.000	305800	N	0	0	0
	0:00.000	305997	N	0	0	0
	0:00.000	306182	N	0	0	0
	0:00.000	306370	N	0	0	0
	0:00.000	306555	N	0	0	0
	0:00.000	306750	N	0	0	0
	0:00.000	306940	N	0	0	0
	0:00.000	307140	N	0	0	0
	0:00.000	307334	N	0	0	0
	0:00.000	307534	N	0	0	0
	0:00.000	307743	N	0	0	0
	0:00.000	307960	N	0	0	0
	0:00.000	308160	N	0	0	0
	0:00.000	308353	N	0	0	0
	0:00.000	308535	N	0	0	0
	0:00.000	308716	N	0	0	0
	0:00.000	308899	N	0	0	0
	0:00.000	309089	N	0	0	0
	0:00.000	309285	N	0	0	0
	0:00.000	309490	N	0	0	0
	0:00.000	309703	N	0	0	0
	0:00.000	309906	N	0	0	0
	0:00.000	310107	N	0	0	0
	0:00.000	310301	N	0	0	0
	0:00.000	310489	N	0	0	0
	0:00.000	310677	N	0	0	0
	0:00.000	310867	N	0	0	0
	0:00.000	311011	N	0	0	0
	0:00.000	311247	N	0	0	0
	0:00.000	311433	N	0	0	0
	0:00.000	311632	N	0	0	0
	0:00.000	311832	N	0	0	0
	0:00.000	312038	N	0	0	0
	0:00.000	312233	N	0	0	0
	0:00.000	312430	N	0	0	0
	0:00.000	312617	N	0	0	0
	0:00.000	312797	N	0	0	0
	0:00.000	312972	N	0	0	0
	0:00.000	313149	N	0	0	0
	0:00.000	313327	N	0	0	0
	0:00.000	313508	N	0	0	0
	0:00.000	313705	N	0	0	0
	0:00.000	313911	N	0	0	0
	0:00.000	314112	N	0	0	0
	0:00.000	314321	N	0	0	0
	0:00.000	314512	N	0	0	0
	0:00.000	314698	N	0	0	0
	0:00.000	314879	N	0	0	0
	0:00.000	315058	N	0	0	0
	0:00.000	315243	N	0	0	0
	0:00.000	315431	N	0	0	0
	0:00.000	315631	N	0	0	0
	0:00.000	315798	N	0	0	0
	0:00.000	316028	N	0	0	0
	0:00.000	316223	N	0	0	0
	0:00.000	316426	N	0	0	0
	0:00.000	316634	N	0	0	0
	0:00.000	316840	N	0	0	0
	0:00.000	317023	N	0	0	0
	0:00.000	317207	N	0	0	0
	0:00.000	317383	N	0	0	0
	0:00.000	317569	N	0	0	0
	0:00.000	317759	N	0	0	0
	0:00.000	317954	N	0	0	0
	0:00.000	318161	N	0	0	0
	0:00.000	318364	N	0	0	0
	0:00.000	318576	N	0	0	0
	0:00.000	318776	N	0	0	0
	0:00.000	318976	N	0	0	0
	0:00.000	319162	N	0	0	0
	0:00.000	319308	N	0	0	0
	0:00.000	319536	N	0	0	0
	0:00.000	319728	N	0	0	0
	0:00.000	319919	N	0	0	0
	0:00.000	320126	N	0	0	0
	0:00.000	320324	N	0	0	0
	0:00.000	320530	N	0	0	0
	0:00.000	320738	N	0	0	0
	0:00.000	320932	N	0	0	0
	0:00.000	321129	N	0	0	0
	0:00.000	321318	N	0	0	0
	0:00.000	321509	N	0	0	0
	0:00.000	321691	N	0	0	0
	0:00.000	321884	N	0	0	0
	0:00.000	322069	N	0	0	0
	0:00.000	322261	N	0	0	0
	0:00.000	322466	N	0	0	0
	0:00.000	322691	N	0	0	0
	0:00.000	322903	N	0	0	0
	0:00.000	323110	N	0	0	0
	0:00.000	323297	N	0	0	0
	0:00.000	323480	N	0	0	0
	0:00.000	323659	N	0	0	0
	0:00.000	323835	N	0	0	0
	0:00.000	324023	N	0	0	0
	0:00.000	324145	N	0	0	0
	0:00.000	324419	N	0	0	0
	0:00.000	324615	N	0	0	0
	0:00.000	324819	N	0	0	0
	0:00.000	325018	N	0	0	0
	0:00.000	325218	N	0	0	0
	0:00.000	325419	N	0	0	0
	0:00.000	325615	N	0	0	0
	0:00.000	325796	N	0	0	0
	0:00.000	325979	N	0	0	0
	0:00.000	326158	N	0	0	0
	0:00.000	326348	N	0	0	0
	0:00.000	326544	N	0	0	0
	0:00.000	326746	N	0	0	0
	0:00.000	326952	N	0	0	0
	0:00.000	327155	N	0	0	0
	0:00.000	327371	N	0	0	0
	0:00.000	327571	N	0	0	0
	0:00.000	327764	N	0	0	0
	0:00.000	327949	N	0	0	0
	0:00.000	328131	N	0	0	0
	0:00.000	328319	N	0	0	0
	0:00.000	328519	N	0	0	0
	0:00.000	328676	N	0	0	0
	0:00.000	328929	N	0	0	0
	0:00.000	329130	N	0	0	0
	0:00.000	329333	N	0	0	0
	0:00.000	329533	N	0	0	0
	0:00.000	329730	N	0	0	0
	0:00.000	329922	N	0	0	0
	0:00.000	330112	N	0	0	0
	0:00.000	330302	N	0	0	0
	0:00.000	330488	N	0	0	0
	0:00.000	330676	N	0	0	0
	0:00.000	330866	N	0	0	0
	0:00.000	331065	N	0	0	0
	0:00.000	331275	N	0	0	0
	0:00.000	331493	N	0	0	0
	0:00.000	331695	N	0	0	0
	0:00.000	331896	N	0	0	0
	0:00.000	332078	N	0	0	0
	0:00.000	332265	N	0	0	0
	0:00.000	332448	N	0	0	0
	0:00.000	332629	N	0	0	0
	0:00.000	332815	N	0	0	0
	0:00.000	333004	N	0	0	0
	0:00.000	333204	N	0	0	0
	0:00.000	333402	N	0	0	0
	0:00.000	333602	N	0	0	0
	0:00.000	333799	N	0	0	0
	0:00.000	333985	N	0	0	0
	0:00.000	334170	N	0	0	0
	0:00.000	334350	N	0	0	0
	0:00.000	334531	N	0	0	0
	0:00.000	334713	N	0	0	0
	0:00.000	334901	N	0	0	0
	0:00.000	335087	N	0	0	0
	0:00.000	335277	N	0	0	0
	0:00.000	335480	N	0	0	0
	0:00.000	335673	N	0	0	0
	0:00.000	335883	N	0	0	0
	0:00.000	336088	N	0	0	0
	0:00.000	336288	N	0	0	0
	0:00.000	336347	N	0	0	0
	0:00.000	336474	N	0	0	0
	0:00.000	336656	N	0	0	0
	0:00.000	336836	N	0	0	0
	0:00.000	337023	N	0	0	0
	0:00.000	337223	N	0	0	0
	0:00.000	337433	N	0	0	0
	0:00.000	337638	N	0	0	0
	0:00.000	337846	N	0	0	0
	0:00.000	338046	N	0	0	0
	0:00.000	338248	N	0	0	0
	0:00.000	338446	N	0	0	0
	0:00.000	338632	N	0	0	0
	0:00.000	338821	N	0	0	0
	0:00.000	339004	N	0	0	0
	0:00.000	339198	N	0	0	0
	0:00.000	339385	N	0	0	0
	0:00.000	339587	N	0	0	0
	0:00.000	339785	N	0	0	0
	0:00.000	339988	N	0	0	0
	0:00.000	340193	N	0	0	0
	0:00.000	340403	N	0	0	0
	0:00.000	340596	N	0	0	0
	0:00.000	340788	N	0	0	0
	0:00.000	340970	N	0	0	0
	0:00.000	341154	N	0	0	0
	0:00.000	341339	N	0	0	0
	0:00.000	341521	N	0	0	0
	0:00.000	341715	N	0	0	0
	0:00.000	341918	N	0	0	0
	0:00.000	342129	N	0	0	0
	0:00.000	342329	N	0	0	0
	0:00.000	342526	N	0	0	0
	0:00.000	342713	N	0	0	0
	0:00.000	342893	N	0	0	0
	0:00.000	343077	N	0	0	0
	0:00.000	343263	N	0	0	0
	0:00.000	343451	N	0	0	0
	0:00.000	343641	N	0	0	0
	0:00.000	343830	N	0	0	0
	0:00.000	344021	N	0	0	0
	0:00.000	344217	N	0	0	0
	0:00.000	344421	N	0	0	0
	0:00.000	344612	N	0	0	0
	0:00.000	344808	N	0	0	0
	0:00.000	344991	N	0	0	0
	0:00.000	345177	N	0	0	0
	0:00.000	345354	N	0	0	0
	0:00.000	345536	N	0	0	0
	0:00.000	345713	N	0	0	0
	0:00.000	345897	N	0	0	0
	0:00.000	346092	N	0	0	0
	0:00.000	346306	N	0	0	0
	0:00.000	346514	N	0	0	0
	0:00.000	346652	N	0	0	0
	0:00.000	346911	N	0	0	0
	0:00.000	347097	N	0	0	0
	0:00.000	347279	N	0	0	0
	0:00.000	347463	N	0	0	0
	0:00.000	347639	N	0	0	0
	0:00.000	347821	N	0	0	0
	0:00.000	348004	N	0	0	0
	0:00.000	348201	N	0	0	0
	0:00.000	348390	N	0	0	0
	0:00.000	348591	N	0	0	0
	0:00.000	348782	N	0	0	0
	0:00.000	348980	N	0	0	0
	0:00.000	349178	N	0	0	0
	0:00.000	349364	N	0	0	0
	0:00.000	349537	N	0	0	0
	0:00.000	349677	N	0	0	0
	0:00.000	349686	N	0	0	0
	0:00.000	349887	N	0	0	0
	0:00.000	350069	N	0	0	0
	0:00.000	350252	N	0	0	0
	0:00.000	350437	N	0	0	0
	0:00.000	350627	N	0	0	0
	0:00.000	350827	N	0	0	0
	0:00.000	351035	N	0	0	0
	0:00.000	351235	N	0	0	0
	0:00.000	351418	N	0	0	0
	0:00.000	351597	N	0	0	0
	0:00.000	351659	N	0	0	0
	0:00.000	351772	N	0	0	0
	0:00.000	351954	N	0	0	0
	0:00.000	352143	N	0	0	0
	0:00.000	352290	N	0	0	0
	0:00.000	352526	N	0	0	0
	0:00.000	352725	N	0	0	0
	0:00.000	352922	N	0	0	0
	0:00.000	353116	N	0	0	0
	0:00.000	353315	N	0	0	0
	0:00.000	353502	N	0	0	0
	0:00.000	353691	N	0	0	0
	0:00.000	353873	N	0	0	0
	0:00.000	354055	N	0	0	0
	0:00.000	354231	N	0	0	0
	0:00.000	354419	N	0	0	0
	0:00.000	354605	N	0	0	0
	0:00.000	354796	N	0	0	0
	0:00.000	354995	N	0	0	0
	0:00.000	355148	N	0	0	0
	0:00.000	355422	N	0	0	0
	0:00.000	355623	N	0	0	0
	0:00.000	355807	N	0	0	0
	0:00.000	355988	N	0	0	0
	0:00.000	356169	N	0	0	0
	0:00.000	356349	N	0	0	0
	0:00.000	356538	N	0	0	0
	0:00.000	356731	N	0	0	0
	0:00.000	356936	N	0	0	0
	0:00.000	357142	N	0	0	0
	0:00.000	357348	N	0	0	0
	0:00.000	357547	N	0	0	0
	0:00.000	357739	N	0	0	0
	0:00.000	357876	N	0	0	0
	0:00.000	358120	N	0	0	0
	0:00.000	358302	N	0	0	0
	0:00.000	358489	N	0	0	0
	0:00.000	358670	N	0	0	0
	0:00.000	358857	N	0	0	0
	0:00.000	359050	N	0	0	0
	0:00.000	359256	N	0	0	0
	0:00.000	359455	N	0	0	0
	0:00.000	359665	N	0	0	0
	0:00.000	359870	N	0	0	0
	0:00.000	360061	N	0	0	0
	0:00.000	360241	N	0	0	0
	0:00.000	360420	N	0	0	0
	0:00.000	360599	N	0	0	0
	0:00.000	360788	N	0	0	0
	0:00.000	360991	N	0	0	0
	0:00.000	361195	N	0	0	0
	0:00.000	361406	N	0	0	0
	0:00.000	361614	N	0	0	0
	0:00.000	361815	N	0	0	0
	0:00.000	362009	N	0	0	0
	0:00.000	362203	N	0	0	0
	0:00.000	362386	N	0	0	0
	0:00.000	362574	N	0	0	0
	0:00.000	362756	N	0	0	0
	0:00.000	362942	N	0	0	0
	0:00.000	363127	N	0	0	0
	0:00.000	363322	N	0	0	0
	0:00.000	363518	N	0	0	0
	0:00.000	363721	N	0	0	0
	0:00.000	363930	N	0	0	0
	0:00.000	364134	N	0	0	0
	0:00.000	364283	N	0	0	0
	0:00.000	364295	N	0	0	0
	0:00.000	364442	N	0	0	0
	0:00.000	364684	N	0	0	0
	0:00.000	364863	N	0	0	0
	0:00.000	365037	N	0	0	0
	0:00.000	365231	N	0	0	0
	0:00.000	365424	N	0	0	0
	0:00.000	365622	N	0	0	0
	0:00.000	365842	N	0	0	0
	0:00.000	366048	N	0	0	0
	0:00.000	366253	N	0	0	0
	0:00.000	366437	N	0	0	0
	0:00.000	366621	N	0	0	0
	0:00.000	366767	N	0	0	0
	0:00.000	366996	N	0	0	0
	0:00.000	367177	N	0	0	0
	0:00.000	367371	N	0	0	0
	0:00.000	367555	N	0	0	0
	0:00.000	367752	N	0	0	0
	0:00.000	367951	N	0	0	0
	0:00.000	368152	N	0	0	0
	0:00.000	368359	N	0	0	0
	0:00.000	368557	N	0	0	0
	0:00.000	368751	N	0	0	0
	0:00.000	368931	N	0	0	0
	0:00.000	369115	N	0	0	0
	0:00.000	369296	N	0	0	0
	0:00.000	369483	N	0	0	0
	0:00.000	369678	N	0	0	0
	0:00.000	369884	N	0	0	0
	0:00.000	370086	N	0	0	0
	0:00.000	370297	N	0	0	0
	0:00.000	370496	N	0	0	0
	0:00.000	370694	N	0	0	0
	0:00.000	370882	N	0	0	0
	0:00.000	371067	N	0	0	0
	0:00.000	371252	N	0	0	0
	0:00.000	371439	N	0	0	0
	0:00.000	371636	N	0	0	0
	0:00.000	371820	N	0	0	0
	0:00.000	372018	N	0	0	0
	0:00.000	372215	N	0	0	0
	0:00.000	372397	N	0	0	0
	0:00.000	372405	N	0	0	0
	0:00.000	372621	N	0	0	0
	0:00.000	372771	N	0	0	0
	0:00.000	373020	N	0	0	0
	0:00.000	373208	N	0	0	0
	0:00.000	373387	N	0	0	0
	0:00.000	373564	N	0	0	0
	0:00.000	373740	N	0	0	0
	0:00.000	373929	N	0	0	0
	0:00.000	374118	N	0	0	0
	0:00.000	374321	N	0	0	0
	0:00.000	374529	N	0	0	0
	0:00.000	374730	N	0	0	0
	0:00.000	374927	N	0	0	0
	0:00.000	375119	N	0	0	0
	0:00.000	375303	N	0	0	0
	0:00.000	375489	N	0	0	0
	0:00.000	375680	N	0	0	0
	0:00.000	375870	N	0	0	0
	0:00.000	376064	N	0	0	0
	0:00.000	376259	N	0	0	0
	0:00.000	376454	N	0	0	0
	0:00.000	376654	N	0	0	0
	0:00.000	376859	N	0	0	0
	0:00.000	377048	N	0	0	0
	0:00.000	377247	N	0	0	0
	0:00.000	377437	N	0	0	0
	0:00.000	377627	N	0	0	0
	0:00.000	377808	N	0	0	0
	0:00.000	377991	N	0	0	0
	0:00.000	378172	N	0	0	0
	0:00.000	378367	N	0	0	0
	0:00.000	378570	N	0	0	0
	0:00.000	378780	N	0	0	0
	0:00.000	378983	N	0	0	0
	0:00.000	379193	N	0	0	0
	0:00.000	379345	N	0	0	0
	0:00.000	379576	N	0	0	0
	0:00.000	379767	N	0	0	0
	0:00.000	379950	N	0	0	0
	0:00.000	380134	N	0	0	0
	0:00.000	380323	N	0	0	0
	0:00.000	380526	N	0	0	0
	0:00.000	380729	N	0	0	0
	0:00.000	380938	N	0	0	0
	0:00.000	381140	N	0	0	0
	0:00.000	381339	N	0	0	0
	0:00.000	381541	N	0	0	0
	0:00.000	381739	N	0	0	0
	0:00.000	381925	N	0	0	0
	0:00.000	382114	N	0	0	0
	0:00.000	382292	N	0	0	0
	0:00.000	382480	N	0	0	0
	0:00.000	382674	N	0	0	0
	0:00.000	382875	N	0	0	0
	0:00.000	383078	N	0	0	0
	0:00.000	383149	N	0	0	0
	0:00.000	383282	N	0	0	0
	0:00.000	383496	N	0	0	0
	0:00.000	383698	N	0	0	0
	0:00.000	383893	N	0	0	0
	0:00.000	384040	N	0	0	0
	0:00.000	384264	N	0	0	0
	0:00.000	384449	N	0	0	0
	0:00.000	384651	N	0	0	0
	0:00.000	384850	N	0	0	0
	0:00.000	385064	N	0	0	0
	0:00.000	385273	N	0	0	0
	0:00.000	385477	N	0	0	0
	0:00.000	385676	N	0	0	0
	0:00.000	385876	N	0	0	0
	0:00.000	386066	N	0	0	0
	0:00.000	386256	N	0	0	0
	0:00.000	386445	N	0	0	0
	0:00.000	386635	N	0	0	0
	0:00.000	386824	N	0	0	0
	0:00.000	387022	N	0	0	0
	0:00.000	387220	N	0	0	0
	0:00.000	387374	N	0	0	0
	0:00.000	387648	N	0	0	0
	0:00.000	387862	N	0	0	0
	0:00.000	388061	N	0	0	0
	0:00.000	388246	N	0	0	0
	0:00.000	388429	N	0	0	0
	0:00.000	388609	N	0	0	0
	0:00.000	388801	N	0	0	0
	0:00.000	388986	N	0	0	0
	0:00.000	389186	N	0	0	0
	0:00.000	389382	N	0	0	0
	0:00.000	389589	N	0	0	0
	0:00.000	389785	N	0	0	0
	0:00.000	389989	N	0	0	0
	0:00.000	390179	N	0	0	0
	0:00.000	390366	N	0	0	0
	0:00.000	390552	N	0	0	0
	0:00.000	390735	N	0	0	0
	0:00.000	390922	N	0	0	0
	0:00.000	391118	N	0	0	0
	0:00.000	391305	N	0	0	0
	0:00.000	391499	N	0	0	0
	0:00.000	391706	N	0	0	0
	0:00.000	391906	N	0	0	0
	0:00.000	392120	N	0	0	0
	0:00.000	392324	N	0	0	0
	0:00.000	392522	N	0	0	0
	0:00.000	392703	N	0	0	0
	0:00.000	392889	N	0	0	0
	0:00.000	393074	N	0	0	0
	0:00.000	393265	N	0	0	0
	0:00.000	393466	N	0	0	0
	0:00.000	393679	N	0	0	0
	0:00.000	393891	N	0	0	0
	0:00.000	394106	N	0	0	0
	0:00.000	394307	N	0	0	0
	0:00.000	394505	N	0	0	0
	0:00.000	394698	N	0	0	0
	0:00.000	394881	N	0	0	0
	0:00.000	395071	N	0	0	0
	0:00.000	395258	N	0	0	0
	0:00.000	395456	N	0	0	0
	0:00.000	395647	N	0	0	0
	0:00.000	395850	N	0	0	0
	0:00.000	396048	N	0	0	0
	0:00.000	396255	N	0	0	0
	0:00.000	396469	N	0	0	0
	0:00.000	396674	N	0	0	0
	0:00.000	396863	N	0	0	0
	0:00.000	397047	N	0	0	0
	0:00.000	397225	N	0	0	0
	0:00.000	397408	N	0	0	0
	0:00.000	397603	N	0	0	0
	0:00.000	397796	N	0	0	0
	0:00.000	398004	N	0	0	0
	0:00.000	398209	N	0	0	0
	0:00.000	398423	N	0	0	0
	0:00.000	398625	N	0	0	0
	0:00.000	398828	N	0	0	0
	0:00.000	399017	N	0	0	0
	0:00.000	399205	N	0	0	0
	0:00.000	399393	N	0	0	0
	0:00.000	399586	N	0	0	0
	0:00.000	399757	N	0	0	0
	0:00.000	399985	N	0	0	0
	0:00.000	400185	N	0	0	0
	0:00.000	400393	N	0	0	0
	0:00.000	400603	N	0	0	0
	0:00.000	400803	N	0	0	0
	0:00.000	401008	N	0	0	0
	0:00.000	401199	N	0	0	0
	0:00.000	401390	N	0	0	0
	0:00.000	401573	N	0	0	0
	0:00.000	401760	N	0	0	0
	0:00.000	401943	N	0	0	0
	0:00.000	402138	N	0	0	0
	0:00.000	402349	N	0	0	0
	0:00.000	402572	N	0	0	0
	0:00.000	402788	N	0	0	0
	0:00.000	403000	N	0	0	0
	0:00.000	403123	N	0	0	0
	0:00.000	403376	N	0	0	0
	0:00.000	403564	N	0	0	0
	0:00.000	403743	N	0	0	0
	0:00.000	403936	N	0	0	0
	0:00.000	404131	N	0	0	0
	0:00.000	404333	N	0	0	0
	0:00.000	404532	N	0	0	0
	0:00.000	404741	N	0	0	0
	0:00.000	404941	N	0	0	0
	0:00.000	405145	N	0	0	0
	0:00.000	405306	N	0	0	0
	0:00.000	405536	N	0	0	0
	0:00.000	405711	N	0	0	0
	0:00.000	405891	N	0	0	0
	0:00.000	406074	N	0	0	0
	0:00.000	406265	N	0	0	0
	0:00.000	406462	N	0	0	0
	0:00.000	406654	N	0	0	0
	0:00.000	406863	N	0	0	0
	0:00.000	407069	N	0	0	0
	0:00.000	407284	N	0	0	0
	0:00.000	407480	N	0	0	0
	0:00.000	407669	N	0	0	0
	0:00.000	407847	N	0	0	0
	0:00.000	408028	N	0	0	0
	0:00.000	408220	N	0	0	0
	0:00.000	408422	N	0	0	0
	0:00.000	408616	N	0	0	0
	0:00.000	408822	N	0	0	0
	0:00.000	409016	N	0	0	0
	0:00.000	409220	N	0	0	0
	0:00.000	409430	N	0	0	0
	0:00.000	409625	N	0	0	0
	0:00.000	409817	N	0	0	0
	0:00.000	410002	N	0	0	0
	0:00.000	410191	N	0	0	0
	0:00.000	410376	N	0	0	0
	0:00.000	410571	N	0	0	0
	0:00.000	410757	N	0	0	0
	0:00.000	410928	N	0	0	0
	0:00.000	411167	N	0	0	0
	0:00.000	411383	N	0	0	0
	0:00.000	411586	N	0	0	0
	0:00.000	411787	N	0	0	0
	0:00.000	411973	N	0	0	0
	0:00.000	412157	N	0	0	0
	0:00.000	412345	N	0	0	0
	0:00.000	412525	N	0	0	0
	0:00.000	412716	N	0	0	0
	0:00.000	412910	N	0	0	0
	0:00.000	413117	N	0	0	0
	0:00.000	413316	N	0	0	0
	0:00.000	413521	N	0	0	0
	0:00.000	413720	N	0	0	0
	0:00.000	413913	N	0	0	0
	0:00.000	414103	N	0	0	0
	0:00.000	414290	N	0	0	0
	0:00.000	414471	N	0	0	0
	0:00.000	414658	N	0	0	0
	0:00.000	414843	N	0	0	0
	0:00.000	415034	N	0	0	0
	0:00.000	415228	N	0	0	0
	0:00.000	415420	N	0	0	0
	0:00.000	415621	N	0	0	0
	0:00.000	415828	N	0	0	0
	0:00.000	416035	N	0	0	0
	0:00.000	416221	N	0	0	0
	0:00.000	416402	N	0	0	0
	0:00.000	416582	N	0	0	0
	0:00.000	416762	N	0	0	0
	0:00.000	416950	N	0	0	0
	0:00.000	417152	N	0	0	0
	0:00.000	417351	N	0	0	0
	0:00.000	417556	N	0	0	0
	0:00.000	417753	N	0	0	0
	0:00.000	417955	N	0	0	0
	0:00.000	418152	N	0	0	0
	0:00.000	418347	N	0	0	0
	0:00.000	418529	N	0	0	0
	0:00.000	418712	N	0	0	0
	0:00.000	418899	N	0	0	0
	0:00.000	419089	N	0	0	0
	0:00.000	419279	N	0	0	0
	0:00.000	419469	N	0	0	0
	0:00.000	419661	N	0	0	0
	0:00.000	419868	N	0	0	0
	0:00.000	420085	N	0	0	0
	0:00.000	420297	N	0	0	0
	0:00.000	420493	N	0	0	0
	0:00.000	420676	N	0	0	0
	0:00.000	420858	N	0	0	0
	0:00.000	421038	N	0	0	0
	0:00.000	421226	N	0	0	0
	0:00.000	421408	N	0	0	0
	0:00.000	421604	N	0	0	0
	0:00.000	421801	N	0	0	0
	0:00.000	422013	N	0	0	0
	0:00.000	422211	N	0	0	0
	0:00.000	422416	N	0	0	0
	0:00.000	422603	N	0	0	0
	0:00.000	422786	N	0	0	0
	0:00.000	422969	N	0	0	0
	0:00.000	423156	N	0	0	0
	0:00.000	423339	N	0	0	0
	0:00.000	423533	N	0	0	0
	0:00.000	423721	N	0	0	0
	0:00.000	423918	N	0	0	0
	0:00.000	424116	N	0	0	0
	0:00.000	424319	N	0	0	0
	0:00.000	424520	N	0	0	0
	0:00.000	424722	N	0	0	0
	0:00.000	424914	N	0	0	0
	0:00.000	425098	N	0	0	0
	0:00.000	425282	N	0	0	0
	0:00.000	425467	N	0	0	0
	0:00.000	425653	N	0	0	0
	0:00.000	425851	N	0	0	0
	0:00.000	426061	N	0	0	0
	0:00.000	426274	N	0	0	0
	0:00.000	426488	N	0	0	0
	0:00.000	426693	N	0	0	0
	0:00.000	426893	N	0	0	0
	0:00.000	427081	N	0	0	0
	0:00.000	427267	N	0	0	0
	0:00.000	427445	N	0	0	0
	0:00.000	427634	N	0	0	0
	0:00.000	427827	N	0	0	0
	0:00.000	428031	N	0	0	0
	0:00.000	428230	N	0	0	0
	0:00.000	428435	N	0	0	0
	0:00.000	428630	N	0	0	0
	0:00.000	428835	N	0	0	0
	0:00.000	428983	N	0	0	0
	0:00.000	429238	N	0	0	0
	0:00.000	429425	N	0	0	0
	0:00.000	429608	N	0	0	0
	0:00.000	429785	N	0	0	0
	0:00.000	429971	N	0	0	0
	0:00.000	430167	N	0	0	0
	0:00.000	430359	N	0	0	0
	0:00.000	430513	N	0	0	0
	0:00.000	430765	N	0	0	0
	0:00.000	430966	N	0	0	0
	0:00.000	431157	N	0	0	0
	0:00.000	431349	N	0	0	0
	0:00.000	431529	N	0	0	0
	0:00.000	431711	N	0	0	0
	0:00.000	431893	N	0	0	0
	0:00.000	432087	N	0	0	0
	0:00.000	432274	N	0	0	0
	0:00.000	432475	N	0	0	0
	0:00.000	432670	N	0	0	0
	0:00.000	432873	N	0	0	0
	0:00.000	433070	N	0	0	0
	0:00.000	433269	N	0	0	0
	0:00.000	433458	N	0	0	0
	0:00.000	433648	N	0	0	0
	0:00.000	433838	N	0	0	0
	0:00.000	434023	N	0	0	0
	0:00.000	434208	N	0	0	0
	0:00.000	434393	N	0	0	0
	0:00.000	434584	N	0	0	0
	0:00.000	434789	N	0	0	0
	0:00.000	435004	N	0	0	0
	0:00.000	435214	N	0	0	0
	0:00.000	435370	N	0	0	0
	0:00.000	435615	N	0	0	0
	0:00.000	435801	N	0	0	0
	0:00.000	435985	N	0	0	0
	0:00.000	436173	N	0	0	0
	0:00.000	436357	N	0	0	0
	0:00.000	436553	N	0	0	0
	0:00.000	436756	N	0	0	0
	0:00.000	436963	N	0	0	0
	0:00.000	437171	N	0	0	0
	0:00.000	437380	N	0	0	0
	0:00.000	437581	N	0	0	0
	0:00.000	437781	N	0	0	0
	0:00.000	437975	N	0	0	0
	0:00.000	438162	N	0	0	0
	0:00.000	438349	N	0	0	0
	0:00.000	438541	N	0	0	0
	0:00.000	438735	N	0	0	0
	0:00.000	438935	N	0	0	0
	0:00.000	439143	N	0	0	0
	0:00.000	439294	N	0	0	0
	0:00.000	439559	N	0	0	0
	0:00.000	439772	N	0	0	0
	0:00.000	439971	N	0	0	0
	0:00.000	440158	N	0	0	0
	0:00.000	440341	N	0	0	0
	0:00.000	440520	N	0	0	0
	0:00.000	440709	N	0	0	0
	0:00.000	440908	N	0	0	0
	0:00.000	441109	N	0	0	0
	0:00.000	441324	N	0	0	0
	0:00.000	441536	N	0	0	0
	0:00.000	441738	N	0	0	0
	0:00.000	441931	N	0	0	0
	0:00.000	442122	N	0	0	0
	0:00.000	442304	N	0	0	0
	0:00.000	442492	N	0	0	0
	0:00.000	442679	N	0	0	0
	0:00.000	442869	N	0	0	0
	0:00.000	443058	N	0	0	0
	0:00.000	443184	N	0	0	0
	0:00.000	443304	N	0	0	0
	0:00.000	443430	N	0	0	0
	0:00.000	443673	N	0	0	0
	0:00.000	443895	N	0	0	0
	0:00.000	444105	N	0	0	0
	0:00.000	444302	N	0	0	0
	0:00.000	444485	N	0	0	0
	0:00.000	444672	N	0	0	0
	0:00.000	444855	N	0	0	0
	0:00.000	445049	N	0	0	0
	0:00.000	445238	N	0	0	0
	0:00.000	445442	N	0	0	0
	0:00.000	445655	N	0	0	0
	0:00.000	445873	N	0	0	0
	0:00.000	446087	N	0	0	0
	0:00.000	446288	N	0	0	0
	0:00.000	446478	N	0	0	0
	0:00.000	446668	N	0	0	0
	0:00.000	446861	N	0	0	0
	0:00.000	447051	N	0	0	0
	0:00.000	447250	N	0	0	0
	0:00.000	447436	N	0	0	0
	0:00.000	447640	N	0	0	0
	0:00.000	447842	N	0	0	0
	0:00.000	448048	N	0	0	0
	0:00.000	448257	N	0	0	0
	0:00.000	448460	N	0	0	0
	0:00.000	448659	N	0	0	0
	0:00.000	448844	N	0	0	0
	0:00.000	449032	N	0	0	0
	0:00.000	449217	N	0	0	0
	0:00.000	449412	N	0	0	0
	0:00.000	449560	N	0	0	0
	0:00.000	449827	N	0	0	0
	0:00.000	450033	N	0	0	0
	0:00.000	450251	N	0	0	0
	0:00.000	450451	N	0	0	0
	0:00.000	450651	N	0	0	0
	0:00.000	450842	N	0	0	0
	0:00.000	451020	N	0	0	0
	0:00.000	451204	N	0	0	0
	0:00.000	451386	N	0	0	0
	0:00.000	451583	N	0	0	0
	0:00.000	451769	N	0	0	0
	0:00.000	451965	N	0	0	0
	0:00.000	452153	N	0	0	0
	0:00.000	452345	N	0	0	0
	0:00.000	452481	N	0	0	0
	0:00.000	452760	N	0	0	0
	0:00.000	452948	N	0	0	0
	0:00.000	453134	N	0	0	0
	0:00.000	453307	N	0	0	0
	0:00.000	453488	N	0	0	0
	0:00.000	453670	N	0	0	0
	0:00.000	453861	N	0	0	0
	0:00.000	454057	N	0	0	0
	0:00.000	454258	N	0	0	0
	0:00.000	454465	N	0	0	0
	0:00.000	454667	N	0	0	0
	0:00.000	454871	N	0	0	0
	0:00.000	455064	N	0	0	0
	0:00.000	455250	N	0	0	0
	0:00.000	455437	N	0	0	0
	0:00.000	455626	N	0	0	0
	0:00.000	455814	N	0	0	0
	0:00.000	456012	N	0	0	0
	0:00.000	456204	N	0	0	0
	0:00.000	456408	N	0	0	0
	0:00.000	456611	N	0	0	0
	0:00.000	456812	N	0	0	0
	0:00.000	457015	N	0	0	0
	0:00.000	457215	N	0	0	0
	0:00.000	457412	N	0	0	0
	0:00.000	457600	N	0	0	0
	0:00.000	457786	N	0	0	0
	0:00.000	457939	N	0	0	0
	0:00.000	458156	N	0	0	0
	0:00.000	458354	N	0	0	0
	0:00.000	458570	N	0	0	0
	0:00.000	458781	N	0	0	0
	0:00.000	458920	N	0	0	0
	0:00.000	459193	N	0	0	0
	0:00.000	459385	N	0	0	0
	0:00.000	459570	N	0	0	0
	0:00.000	459756	N	0	0	0
	0:00.000	459941	N	0	0	0
	0:00.000	460090	N	0	0	0
	0:00.000	460322	N	0	0	0
	0:00.000	460517	N	0	0	0
	0:00.000	460715	N	0	0	0
	0:00.000	460917	N	0	0	0
	0:00.000	461115	N	0	0	0
	0:00.000	461318	N	0	0	0
	0:00.000	461515	N	0	0	0
	0:00.000	461699	N	0	0	0
	0:00.000	461878	N	0	0	0
	0:00.000	462055	N	0	0	0
	0:00.000	462236	N	0	0	0
	0:00.000	462417	N	0	0	0
	0:00.000	462608	N	0	0	0
	0:00.000	462794	N	0	0	0
	0:00.000	463000	N	0	0	0
	0:00.000	463204	N	0	0	0
	0:00.000	463418	N	0	0	0
	0:00.000	463612	N	0	0	0
	0:00.000	463803	N	0	0	0
	0:00.000	463979	N	0	0	0
	0:00.000	464161	N	0	0	0
	0:00.000	464350	N	0	0	0
	0:00.000	464554	N	0	0	0
	0:00.000	464748	N	0	0	0
	0:00.000	464960	N	0	0	0
	0:00.000	465156	N	0	0	0
	0:00.000	465361	N	0	0	0
	0:00.000	465567	N	0	0	0
	0:00.000	465767	N	0	0	0
	0:00.000	465963	N	0	0	0
	0:00.000	466153	N	0	0	0
	0:00.000	466346	N	0	0	0
	0:00.000	466532	N	0	0	0
	0:00.000	466725	N	0	0	0
	0:00.000	466918	N	0	0	0
	0:00.000	467120	N	0	0	0
	0:00.000	467332	N	0	0	0
	0:00.000	467553	N	0	0	0
	0:00.000	467759	N	0	0	0
	0:00.000	467963	N	0	0	0
	0:00.000	468145	N	0	0	0
	0:00.000	468331	N	0	0	0
	0:00.000	468514	N	0	0	0
	0:00.000	468701	N	0	0	0
	0:00.000	468894	N	0	0	0
	0:00.000	469091	N	0	0	0
	0:00.000	469305	N	0	0	0
	0:00.000	469507	N	0	0	0
	0:00.000	469656	N	0	0	0
	0:00.000	469757	N	0	0	0
	0:00.000	470106	N	0	0	0
	0:00.000	470304	N	0	0	0
	0:00.000	470498	N	0	0	0
	0:00.000	470681	N	0	0	0
	0:00.000	470867	N	0	0	0
	0:00.000	471050	N	0	0	0
	0:00.000	471238	N	0	0	0
	0:00.000	471430	N	0	0	0
	0:00.000	471632	N	0	0	0
	0:00.000	471824	N	0	0	0
	0:00.000	472027	N	0	0	0
	0:00.000	472219	N	0	0	0
	0:00.000	472407	N	0	0	0
	0:00.000	472580	N	0	0	0
	0:00.000	472759	N	0	0	0
	0:00.000	472934	N	0	0	0
	0:00.000	473119	N	0	0	0
	0:00.000	473314	N	0	0	0
	0:00.000	473522	N	0	0	0
	0:00.000	473725	N	0	0	0
	0:00.000	473932	N	0	0	0
	0:00.000	474129	N	0	0	0
	0:00.000	474328	N	0	0	0
	0:00.000	474523	N	0	0	0
	0:00.000	474708	N	0	0	0
	0:00.000	474895	N	0	0	0
	0:00.000	475079	N	0	0	0
	0:00.000	475273	N	0	0	0
	0:00.000	475460	N	0	0	0
	0:00.000	475662	N	0	0	0
	0:00.000	475857	N	0	0	0
	0:00.000	476057	N	0	0	0
	0:00.000	476265	N	0	0	0
	0:00.000	476480	N	0	0	0
	0:00.000	476676	N	0	0	0
	0:00.000	476867	N	0	0	0
	0:00.000	477050	N	0	0	0
	0:00.000	477235	N	0	0	0
	0:00.000	477423	N	0	0	0
	0:00.000	477611	N	0	0	0
	0:00.000	477811	N	0	0	0
	0:00.000	478018	N	0	0	0
	0:00.000	478239	N	0	0	0
	0:00.000	478445	N	0	0	0
	0:00.000	478652	N	0	0	0
	0:00.000	478837	N	0	0	0
	0:00.000	479024	N	0	0	0
	0:00.000	479214	N	0	0	0
	0:00.000	479408	N	0	0	0
	0:00.000	479601	N	0	0	0
	0:00.000	479798	N	0	0	0
	0:00.000	479986	N	0	0	0
	0:00.000	480152	N	0	0	0
	0:00.000	480393	N	0	0	0
	0:00.000	480595	N	0	0	0
	0:00.000	480800	N	0	0	0
	0:00.000	480991	N	0	0	0
	0:00.000	481175	N	0	0	0
	0:00.000	481350	N	0	0	0
	0:00.000	481528	N	0	0	0
	0:00.000	481708	N	0	0	0
	0:00.000	481893	N	0	0	0
	0:00.000	482046	N	0	0	0
	0:00.000	482316	N	0	0	0
	0:00.000	482707	N	0	0	0
	0:00.000	482923	N	0	0	0
	0:00.000	483115	N	0	0	0
	0:00.000	483300	N	0	0	0
	0:00.000	483481	N	0	0	0
	0:00.000	483662	N	0	0	0
	0:00.000	483843	N	0	0	0
	0:00.000	484037	N	0	0	0
	0:00.000	484239	N	0	0	0
	0:00.000	484451	N	0	0	0
	0:00.000	484657	N	0	0	0
	0:00.000	484864	N	0	0	0
	0:00.000	485016	N	0	0	0
	0:00.000	485263	N	0	0	0
	0:00.000	485458	N	0	0	0
	0:00.000	485642	N	0	0	0
	0:00.000	485827	N	0	0	0
	0:00.000	486013	N	0	0	0
	0:00.000	486208	N	0	0	0
	0:00.000	486404	N	0	0	0
	0:00.000	486611	N	0	0	0
	0:00.000	486812	N	0	0	0
	0:00.000	487025	N	0	0	0
	0:00.000	487238	N	0	0	0
	0:00.000	487440	N	0	0	0
	0:00.000	487629	N	0	0	0
	0:00.000	487811	N	0	0	0
	0:00.000	487990	N	0	0	0
	0:00.000	488180	N	0	0	0
	0:00.000	488382	N	0	0	0
	0:00.000	488584	N	0	0	0
	0:00.000	488795	N	0	0	0
	0:00.000	488998	N	0	0	0
	0:00.000	489203	N	0	0	0
	0:00.000	489400	N	0	0	0
	0:00.000	489596	N	0	0	0
	0:00.000	489785	N	0	0	0
	0:00.000	489972	N	0	0	0
	0:00.000	490158	N	0	0	0
	0:00.000	490343	N	0	0	0
	0:00.000	490529	N	0	0	0
	0:00.000	490722	N	0	0	0
	0:00.000	490916	N	0	0	0
	0:00.000	491123	N	0	0	0
	0:00.000	491336	N	0	0	0
	0:00.000	491544	N	0	0	0
	0:00.000	491739	N	0	0	0
	0:00.000	491922	N	0	0	0
	0:00.000	492105	N	0	0	0
	0:00.000	492284	N	0	0	0
	0:00.000	492472	N	0	0	0
	0:00.000	492653	N	0	0	0
	0:00.000	492852	N	0	0	0
	0:00.000	493058	N	0	0	0
	0:00.000	493267	N	0	0	0
	0:00.000	493473	N	0	0	0
	0:00.000	493671	N	0	0	0
	0:00.000	493863	N	0	0	0
	0:00.000	494054	N	0	0	0
	0:00.000	494245	N	0	0	0
	0:00.000	494430	N	0	0	0
	0:00.000	494619	N	0	0	0
	0:00.000	494804	N	0	0	0
	0:00.000	494995	N	0	0	0
	0:00.000	495191	N	0	0	0
	0:00.000	495400	N	0	0	0
	0:00.000	495597	N	0	0	0
	0:00.000	495807	N	0	0	0
	0:00.000	496009	N	0	0	0
	0:00.000	496201	N	0	0	0
	0:00.000	496385	N	0	0	0
	0:00.000	496570	N	0	0	0
	0:00.000	496752	N	0	0	0
	0:00.000	496945	N	0	0	0
	0:00.000	497144	N	0	0	0
	0:00.000	497346	N	0	0	0
	0:00.000	497555	N	0	0	0
	0:00.000	497761	N	0	0	0
	0:00.000	497969	N	0	0	0
	0:00.000	498162	N	0	0	0
	0:00.000	498353	N	0	0	0
	0:00.000	498533	N	0	0	0
	0:00.000	498720	N	0	0	0
	0:00.000	498909	N	0	0	0
	0:00.000	499102	N	0	0	0
	0:00.000	499288	N	0	0	0
	0:00.000	499483	N	0	0	0
	0:00.000	499674	N	0	0	0
	0:00.000	499873	N	0	0	0
	0:00.000	500083	N	0	0	0
	0:00.000	500292	N	0	0	0
	0:00.000	500480	N	0	0	0
	0:00.000	500662	N	0	0	0
	0:00.000	500836	N	0	0	0
	0:00.000	501017	N	0	0	0
	0:00.000	501207	N	0	0	0
	0:00.000	501394	N	0	0	0
	0:00.000	501590	N	0	0	0
	0:00.000	501790	N	0	0	0
	0:00.000	502009	N	0	0	0
	0:00.000	502168	N	0	0	0
	0:00.000	502424	N	0	0	0
	0:00.000	502611	N	0	0	0
	0:00.000	502798	N	0	0	0
	0:00.000	502982	N	0	0	0
	0:00.000	503172	N	0	0	0
	0:00.000	503363	N	0	0	0
	0:00.000	503559	N	0	0	0
	0:00.000	503752	N	0	0	0
	0:00.000	503953	N	0	0	0
	0:00.000	504149	N	0	0	0
	0:00.000	504353	N	0	0	0
	0:00.000	504554	N	0	0	0
	0:00.000	504752	N	0	0	0
	0:00.000	504942	N	0	0	0
	0:00.000	505123	N	0	0	0
	0:00.000	505305	N	0	0	0
	0:00.000	505493	N	0	0	0
	0:00.000	505680	N	0	0	0
	0:00.000	505881	N	0	0	0
	0:00.000	506096	N	0	0	0
	0:00.000	506309	N	0	0	0
	0:00.000	506521	N	0	0	0
	0:00.000	506724	N	0	0	0
	0:00.000	506917	N	0	0	0
	0:00.000	507105	N	0	0	0
	0:00.000	507293	N	0	0	0
	0:00.000	507471	N	0	0	0
	0:00.000	507660	N	0	0	0
	0:00.000	507854	N	0	0	0
	0:00.000	508061	N	0	0	0
	0:00.000	508263	N	0	0	0
	0:00.000	508469	N	0	0	0
	0:00.000	508662	N	0	0	0
	0:00.000	508861	N	0	0	0
	0:00.000	509059	N	0	0	0
	0:00.000	509252	N	0	0	0
	0:00.000	509437	N	0	0	0
	0:00.000	509584	N	0	0	0
	0:00.000	509804	N	0	0	0
	0:00.000	509989	N	0	0	0
	0:00.000	510189	N	0	0	0
	0:00.000	510316	N	0	0	0
	0:00.000	510596	N	0	0	0
	0:00.000	510804	N	0	0	0
	0:00.000	511016	N	0	0	0
	0:00.000	511207	N	0	0	0
	0:00.000	511397	N	0	0	0
	0:00.000	511580	N	0	0	0
	0:00.000	511764	N	0	0	0
	0:00.000	511951	N	0	0	0
	0:00.000	512145	N	0	0	0
	0:00.000	512337	N	0	0	0
	0:00.000	512540	N	0	0	0
	0:00.000	512733	N	0	0	0
	0:00.000	512928	N	0	0	0
	0:00.000	513117	N	0	0	0
	0:00.000	513307	N	0	0	0
	0:00.000	513488	N	0	0	0
	0:00.000	513674	N	0	0	0
	0:00.000	513858	N	0	0	0
	0:00.000	514042	N	0	0	0
	0:00.000	514227	N	0	0	0
	0:00.000	514414	N	0	0	0
	0:00.000	514604	N	0	0	0
	0:00.000	514806	N	0	0	0
	0:00.000	515022	N	0	0	0
	0:00.000	515234	N	0	0	0
	0:00.000	515433	N	0	0	0
	0:00.000	515620	N	0	0	0
	0:00.000	515804	N	0	0	0
	0:00.000	515988	N	0	0	0
	0:00.000	516178	N	0	0	0
	0:00.000	516362	N	0	0	0
	0:00.000	516559	N	0	0	0
	0:00.000	516758	N	0	0	0
	0:00.000	516919	N	0	0	0
	0:00.000	517172	N	0	0	0
	0:00.000	517378	N	0	0	0
	0:00.000	517574	N	0	0	0
	0:00.000	517762	N	0	0	0
	0:00.000	517951	N	0	0	0
	0:00.000	518138	N	0	0	0
	0:00.000	518324	N	0	0	0
	0:00.000	518519	N	0	0	0
	0:00.000	518702	N	0	0	0
	0:00.000	518894	N	0	0	0
	0:00.000	519093	N	0	0	0
	0:00.000	519289	N	0	0	0
	0:00.000	519497	N	0	0	0
	0:00.000	519698	N	0	0	0
	0:00.000	519893	N	0	0	0
	0:00.000	520069	N	0	0	0
	0:00.000	520249	N	0	0	0
	0:00.000	520425	N	0	0	0
	0:00.000	520597	N	0	0	0
	0:00.000	520605	N	0	0	0
	0:00.000	520803	N	0	0	0
	0:00.000	521010	N	0	0	0
	0:00.000	521209	N	0	0	0
	0:00.000	521428	N	0	0	0
	0:00.000	521632	N	0	0	0
	0:00.000	521836	N	0	0	0
	0:00.000	522032	N	0	0	0
	0:00.000	522218	N	0	0	0
	0:00.000	522402	N	0	0	0
	0:00.000	522584	N	0	0	0
	0:00.000	522781	N	0	0	0
	0:00.000	522974	N	0	0	0
	0:00.000	523129	N	0	0	0
	0:00.000	523374	N	0	0	0
	0:00.000	523575	N	0	0	0
	0:00.000	523789	N	0	0	0
	0:00.000	524008	N	0	0	0
	0:00.000	524206	N	0	0	0
	0:00.000	524397	N	0	0	0
	0:00.000	524575	N	0	0	0
	0:00.000	524753	N	0	0	0
	0:00.000	524939	N	0	0	0
	0:00.000	525129	N	0	0	0
	0:00.000	525329	N	0	0	0
	0:00.000	525537	N	0	0	0
	0:00.000	525765	N	0	0	0
	0:00.000	525976	N	0	0	0
	0:00.000	526133	N	0	0	0
	0:00.000	526237	N	0	0	0
	0:00.000	526544	N	0	0	0
	0:00.000	526706	N	0	0	0
	0:00.000	526923	N	0	0	0
	0:00.000	527109	N	0	0	0
	0:00.000	527300	N	0	0	0
	0:00.000	527483	N	0	0	0
	0:00.000	527678	N	0	0	0
	0:00.000	527874	N	0	0	0
	0:00.000	528074	N	0	0	0
	0:00.000	528267	N	0	0	0
	0:00.000	528460	N	0	0	0
	0:00.000	528642	N	0	0	0
	0:00.000	528821	N	0	0	0
	0:00.000	528996	N	0	0	0
	0:00.000	529182	N	0	0	0
	0:00.000	529360	N	0	0	0
	0:00.000	529548	N	0	0	0
	0:00.000	529749	N	0	0	0
	0:00.000	529962	N	0	0	0
	0:00.000	530168	N	0	0	0
	0:00.000	530378	N	0	0	0
	0:00.000	530569	N	0	0	0
	0:00.000	530701	N	0	0	0
	0:00.000	530936	N	0	0	0
	0:00.000	531112	N	0	0	0
	0:00.000	531298	N	0	0	0
	0:00.000	531485	N	0	0	0
	0:00.000	531684	N	0	0	0
	0:00.000	531836	N	0	0	0
	0:00.000	532078	N	0	0	0
	0:00.000	532271	N	0	0	0
	0:00.000	532469	N	0	0	0
	0:00.000	532671	N	0	0	0
	0:00.000	532868	N	0	0	0
	0:00.000	533050	N	0	0	0
	0:00.000	533198	N	0	0	0
	0:00.000	533404	N	0	0	0
	0:00.000	533585	N	0	0	0
	0:00.000	533772	N	0	0	0
	0:00.000	533962	N	0	0	0
	0:00.000	534163	N	0	0	0
	0:00.000	534362	N	0	0	0
	0:00.000	534574	N	0	0	0
	0:00.000	534710	N	0	0	0
	0:00.000	534715	N	0	0	0
	0:00.000	534727	N	0	0	0
	0:00.000	534967	N	0	0	0
	0:00.000	535147	N	0	0	0
	0:00.000	535316	N	0	0	0
	0:00.000	535509	N	0	0	0
	0:00.000	535700	N	0	0	0
	0:00.000	535887	N	0	0	0
	0:00.000	536087	N	0	0	0
	0:00.000	536275	N	0	0	0
	0:00.000	536470	N	0	0	0
	0:00.000	536662	N	0	0	0
	0:00.000	536863	N	0	0	0
	0:00.000	537055	N	0	0	0
	0:00.000	537244	N	0	0	0
	0:00.000	537424	N	0	0	0
	0:00.000	537604	N	0	0	0
	0:00.000	537784	N	0	0	0
	0:00.000	537973	N	0	0	0
	0:00.000	538159	N	0	0	0
	0:00.000	538355	N	0	0	0
	0:00.000	538565	N	0	0	0
	0:00.000	538777	N	0	0	0
	0:00.000	538987	N	0	0	0
	0:00.000	539185	N	0	0	0
	0:00.000	539371	N	0	0	0
	0:00.000	539517	N	0	0	0
	0:00.000	539739	N	0	0	0
	0:00.000	539915	N	0	0	0
	0:00.000	540108	N	0	0	0
	0:00.000	540302	N	0	0	0
	0:00.000	540505	N	0	0	0
	0:00.000	540704	N	0	0	0
	0:00.000	540857	N	0	0	0
	0:00.000	540992	N	0	0	0
	0:00.000	541297	N	0	0	0
	0:00.000	541497	N	0	0	0
	0:00.000	541687	N	0	0	0
	0:00.000	541866	N	0	0	0
	0:00.000	542053	N	0	0	0
	0:00.000	542233	N	0	0	0
	0:00.000	542422	N	0	0	0
	0:00.000	542622	N	0	0	0
	0:00.000	542814	N	0	0	0
	0:00.000	543017	N	0	0	0
	0:00.000	543218	N	0	0	0
	0:00.000	543430	N	0	0	0
	0:00.000	543622	N	0	0	0
	0:00.000	543812	N	0	0	0
	0:00.000	543992	N	0	0	0
	0:00.000	544174	N	0	0	0
	0:00.000	544358	N	0	0	0
	0:00.000	544558	N	0	0	0
	0:00.000	544752	N	0	0	0
	0:00.000	544962	N	0	0	0
	0:00.000	545160	N	0	0	0
	0:00.000	545317	N	0	0	0
	0:00.000	545549	N	0	0	0
	0:00.000	545740	N	0	0	0
	0:00.000	545923	N	0	0	0
	0:00.000	546106	N	0	0	0
	0:00.000	546289	N	0	0	0
	0:00.000	546470	N	0	0	0
	0:00.000	546651	N	0	0	0
	0:00.000	546840	N	0	0	0
	0:00.000	547030	N	0	0	0
	0:00.000	547232	N	0	0	0
	0:00.000	547378	N	0	0	0
	0:00.000	547651	N	0	0	0
	0:00.000	547846	N	0	0	0
	0:00.000	548038	N	0	0	0
	0:00.000	548219	N	0	0	0
	0:00.000	548398	N	0	0	0
	0:00.000	548580	N	0	0	0
	0:00.000	548761	N	0	0	0
	0:00.000	548954	N	0	0	0
	0:00.000	549153	N	0	0	0
	0:00.000	549367	N	0	0	0
	0:00.000	549565	N	0	0	0
	0:00.000	549770	N	0	0	0
	0:00.000	549967	N	0	0	0
	0:00.000	550156	N	0	0	0
	0:00.000	550347	N	0	0	0
	0:00.000	550539	N	0	0	0
	0:00.000	550720	N	0	0	0
	0:00.000	550918	N	0	0	0
	0:00.000	551105	N	0	0	0
	0:00.000	551305	N	0	0	0
	0:00.000	551504	N	0	0	0
	0:00.000	551707	N	0	0	0
	0:00.000	551906	N	0	0	0
	0:00.000	552109	N	0	0	0
	0:00.000	552306	N	0	0	0
	0:00.000	552494	N	0	0	0
	0:00.000	552679	N	0	0	0
	0:00.000	552859	N	0	0	0
	0:00.000	553041	N	0	0	0
	0:00.000	553233	N	0	0	0
	0:00.000	553443	N	0	0	0
	0:00.000	553652	N	0	0	0
	0:00.000	553863	N	0	0	0
	0:00.000	554063	N	0	0	0
	0:00.000	554252	N	0	0	0
	0:00.000	554439	N	0	0	0
	0:00.000	554626	N	0	0	0
	0:00.000	554804	N	0	0	0
	0:00.000	554989	N	0	0	0
	0:00.000	555171	N	0	0	0
	0:00.000	555361	N	0	0	0
	0:00.000	555549	N	0	0	0
	0:00.000	555752	N	0	0	0
	0:00.000	555944	N	0	0	0
	0:00.000	556143	N	0	0	0
	0:00.000	556346	N	0	0	0
	0:00.000	556546	N	0	0	0
	0:00.000	556729	N	0	0	0
	0:00.000	556916	N	0	0	0
	0:00.000	557092	N	0	0	0
	0:00.000	557273	N	0	0	0
	0:00.000	557460	N	0	0	0
	0:00.000	557649	N	0	0	0
	0:00.000	557852	N	0	0	0
	0:00.000	558057	N	0	0	0
	0:00.000	558269	N	0	0	0
	0:00.000	558471	N	0	0	0
	0:00.000	558673	N	0	0	0
	0:00.000	558860	N	0	0	0
	0:00.000	559046	N	0	0	0
	0:00.000	559233	N	0	0	0
	0:00.000	559427	N	0	0	0
	0:00.000	559618	N	0	0	0
	0:00.000	559821	N	0	0	0
	0:00.000	560018	N	0	0	0
	0:00.000	560225	N	0	0	0
	0:00.000	560433	N	0	0	0
	0:00.000	560636	N	0	0	0
	0:00.000	560835	N	0	0	0
	0:00.000	561028	N	0	0	0
	0:00.000	561221	N	0	0	0
	0:00.000	561404	N	0	0	0
	0:00.000	561525	N	0	0	0
	0:00.000	561784	N	0	0	0
	0:00.000	561976	N	0	0	0
	0:00.000	562185	N	0	0	0
	0:00.000	562430	N	0	0	0
	0:00.000	562657	N	0	0	0
	0:00.000	562875	N	0	0	0
	0:00.000	563068	N	0	0	0
	0:00.000	563252	N	0	0	0
	0:00.000	563436	N	0	0	0
	0:00.000	563616	N	0	0	0
	0:00.000	563807	N	0	0	0
	0:00.000	564004	N	0	0	0
	0:00.000	564214	N	0	0	0
	0:00.000	564412	N	0	0	0
	0:00.000	564619	N	0	0	0
	0:00.000	564816	N	0	0	0
	0:00.000	565012	N	0	0	0
	0:00.000	565211	N	0	0	0
	0:00.000	565401	N	0	0	0
	0:00.000	565576	N	0	0	0
	0:00.000	565755	N	0	0	0
	0:00.000	565934	N	0	0	0
	0:00.000	566125	N	0	0	0
	0:00.000	566315	N	0	0	0
	0:00.000	566517	N	0	0	0
	0:00.000	566711	N	0	0	0
	0:00.000	566860	N	0	0	0
	0:00.000	567131	N	0	0	0
	0:00.000	567331	N	0	0	0
	0:00.000	567522	N	0	0	0
	0:00.000	567704	N	0	0	0
	0:00.000	567885	N	0	0	0
	0:00.000	568074	N	0	0	0
	0:00.000	568277	N	0	0	0
	0:00.000	568477	N	0	0	0
	0:00.000	568689	N	0	0	0
	0:00.000	568889	N	0	0	0
	0:00.000	569096	N	0	0	0
	0:00.000	569298	N	0	0	0
	0:00.000	569497	N	0	0	0
	0:00.000	569688	N	0	0	0
	0:00.000	569874	N	0	0	0
	0:00.000	570064	N	0	0	0
	0:00.000	570250	N	0	0	0
	0:00.000	570447	N	0	0	0
	0:00.000	570641	N	0	0	0
	0:00.000	570841	N	0	0	0
	0:00.000	571054	N	0	0	0
	0:00.000	571277	N	0	0	0
	0:00.000	571482	N	0	0	0
	0:00.000	571684	N	0	0	0
	0:00.000	571868	N	0	0	0
	0:00.000	572056	N	0	0	0
	0:00.000	572243	N	0	0	0
	0:00.000	572426	N	0	0	0
	0:00.000	572619	N	0	0	0
	0:00.000	572814	N	0	0	0
	0:00.000	572972	N	0	0	0
	0:00.000	573112	N	0	0	0
	0:00.000	573449	N	0	0	0
	0:00.000	573651	N	0	0	0
	0:00.000	573844	N	0	0	0
	0:00.000	574034	N	0	0	0
	0:00.000	574225	N	0	0	0
	0:00.000	574407	N	0	0	0
	0:00.000	574600	N	0	0	0
	0:00.000	574786	N	0	0	0
	0:00.000	574981	N	0	0	0
	0:00.000	575181	N	0	0	0
	0:00.000	575378	N	0	0	0
	0:00.000	575587	N	0	0	0
	0:00.000	575792	N	0	0	0
	0:00.000	575993	N	0	0	0
	0:00.000	576059	N	0	0	0
	0:00.000	576175	N	0	0	0
	0:00.000	576356	N	0	0	0
	0:00.000	576529	N	0	0	0
	0:00.000	576709	N	0	0	0
	0:00.000	576901	N	0	0	0
	0:00.000	577099	N	0	0	0
	0:00.000	577293	N	0	0	0
	0:00.000	577501	N	0	0	0
	0:00.000	577693	N	0	0	0
	0:00.000	577896	N	0	0	0
	0:00.000	578092	N	0	0	0
	0:00.000	578279	N	0	0	0
	0:00.000	578463	N	0	0	0
	0:00.000	578523	N	0	0	0
	0:00.000	578529	N	0	0	0
	0:00.000	578643	N	0	0	0
	0:00.000	578709	N	0	0	0
	0:00.000	578835	N	0	0	0
	0:00.000	579027	N	0	0	0
	0:00.000	579226	N	0	0	0
	0:00.000	579381	N	0	0	0
	0:00.000	579518	N	0	0	0
	0:00.000	579831	N	0	0	0
	0:00.000	580052	N	0	0	0
	0:00.000	580255	N	0	0	0
	0:00.000	580451	N	0	0	0
	0:00.000	580632	N	0	0	0
	0:00.000	580814	N	0	0	0
	0:00.000	581000	N	0	0	0
	0:00.000	581188	N	0	0	0
	0:00.000	581385	N	0	0	0
	0:00.000	581590	N	0	0	0
	0:00.000	581811	N	0	0	0
	0:00.000	582026	N	0	0	0
	0:00.000	582231	N	0	0	0
	0:00.000	582425	N	0	0	0
	0:00.000	582614	N	0	0	0
	0:00.000	582805	N	0	0	0
	0:00.000	582996	N	0	0	0
	0:00.000	583188	N	0	0	0
	0:00.000	583252	N	0	0	0
	0:00.000	583256	N	0	0	0
	0:00.000	583386	N	0	0	0
	0:00.000	583576	N	0	0	0
	0:00.000	583779	N	0	0	0
	0:00.000	583839	N	0	0	0
	0:00.000	583984	N	0	0	0
	0:00.000	584189	N	0	0	0
	0:00.000	584398	N	0	0	0
	0:00.000	584597	N	0	0	0
	0:00.000	584791	N	0	0	0
	0:00.000	584924	N	0	0	0
	0:00.000	585163	N	0	0	0
	0:00.000	585347	N	0	0	0
	0:00.000	585534	N	0	0	0
	0:00.000	585730	N	0	0	0
	0:00.000	585943	N	0	0	0
	0:00.000	586151	N	0	0	0
	0:00.000	586364	N	0	0	0
	0:00.000	586503	N	0	0	0
	0:00.000	586760	N	0	0	0
	0:00.000	586943	N	0	0	0
	0:00.000	587126	N	0	0	0
	0:00.000	587302	N	0	0	0
	0:00.000	587490	N	0	0	0
	0:00.000	587680	N	0	0	0
	0:00.000	587875	N	0	0	0
	0:00.000	588014	N	0	0	0
	0:00.000	588260	N	0	0	0
	0:00.000	588448	N	0	0	0
	0:00.000	588645	N	0	0	0
	0:00.000	588849	N	0	0	0
	0:00.000	589044	N	0	0	0
	0:00.000	589223	N	0	0	0
	0:00.000	589366	N	0	0	0
	0:00.000	589579	N	0	0	0
	0:00.000	589760	N	0	0	0
	0:00.000	589952	N	0	0	0
	0:00.000	590144	N	0	0	0
	0:00.000	590342	N	0	0	0
	0:00.000	590543	N	0	0	0
	0:00.000	590756	N	0	0	0
	0:00.000	590959	N	0	0	0
	0:00.000	591157	N	0	0	0
	0:00.000	591345	N	0	0	0
	0:00.000	591528	N	0	0	0
	0:00.000	591714	N	0	0	0
	0:00.000	591912	N	0	0	0
	0:00.000	592106	N	0	0	0
	0:00.000	592313	N	0	0	0
	0:00.000	592510	N	0	0	0
	0:00.000	592716	N	0	0	0
	0:00.000	592915	N	0	0	0
	0:00.000	593117	N	0	0	0
	0:00.000	593310	N	0	0	0
	0:00.000	593504	N	0	0	0
	0:00.000	593697	N	0	0	0
	0:00.000	593883	N	0	0	0
	0:00.000	594068	N	0	0	0
	0:00.000	594255	N	0	0	0
	0:00.000	594448	N	0	0	0
	0:00.000	594656	N	0	0	0
	0:00.000	594876	N	0	0	0
	0:00.000	595088	N	0	0	0
	0:00.000	595291	N	0	0	0
	0:00.000	595414	N	0	0	0
	0:00.000	595840	N	0	0	0
	0:00.000	595846	N	0	0	0
	0:00.000	595850	N	0	0	0
	0:00.000	596025	N	0	0	0
	0:00.000	596200	N	0	0	0
	0:00.000	596388	N	0	0	0
	0:00.000	596582	N	0	0	0
	0:00.000	596788	N	0	0	0
	0:00.000	596989	N	0	0	0
	0:00.000	597195	N	0	0	0
	0:00.000	597382	N	0	0	0
	0:00.000	597574	N	0	0	0
	0:00.000	597765	N	0	0	0
	0:00.000	597954	N	0	0	0
	0:00.000	598138	N	0	0	0
	0:00.000	598329	N	0	0	0
	0:00.000	598511	N	0	0	0
	0:00.000	598569	N	0	0	0
	0:00.000	598575	N	0	0	0
	0:00.000	598578	N	0	0	0
	0:00.000	598702	N	0	0	0
	0:00.000	598904	N	0	0	0
	0:00.000	599104	N	0	0	0
	0:00.000	599316	N	0	0	0
	0:00.000	599523	N	0	0	0
	0:00.000	599732	N	0	0	0
	0:00.000	599917	N	0	0	0
	0:00.000	600104	N	0	0	0
	0:00.000	600286	N	0	0	0
	0:00.000	600476	N	0	0	0
	0:00.000	600623	N	0	0	0
	0:00.000	600887	N	0	0	0
	0:00.000	601095	N	0	0	0
	0:00.000	601313	N	0	0	0
	0:00.000	601515	N	0	0	0
	0:00.000	601722	N	0	0	0
	0:00.000	601924	N	0	0	0
	0:00.000	602110	N	0	0	0
	0:00.000	602297	N	0	0	0
	0:00.000	602482	N	0	0	0
	0:00.000	602680	N	0	0	0
	0:00.000	602873	N	0	0	0
	0:00.000	603078	N	0	0	0
	0:00.000	603278	N	0	0	0
	0:00.000	603345	N	0	0	0
	0:00.000	603438	N	0	0	0
	0:00.000	603697	N	0	0	0
	0:00.000	603914	N	0	0	0
	0:00.000	604116	N	0	0	0
	0:00.000	604307	N	0	0	0
	0:00.000	604487	N	0	0	0
	0:00.000	604665	N	0	0	0
	0:00.000	604857	N	0	0	0
	0:00.000	605044	N	0	0	0
	0:00.000	605253	N	0	0	0
	0:00.000	605414	N	0	0	0
	0:00.000	605671	N	0	0	0
	0:00.000	605863	N	0	0	0
	0:00.000	606065	N	0	0	0
	0:00.000	606250	N	0	0	0
	0:00.000	606434	N	0	0	0
	0:00.000	606618	N	0	0	0
	0:00.000	606798	N	0	0	0
	0:00.000	606983	N	0	0	0
	0:00.000	607175	N	0	0	0
	0:00.000	607362	N	0	0	0
	0:00.000	607562	N	0	0	0
	0:00.000	607766	N	0	0	0
	0:00.000	607964	N	0	0	0
	0:00.000	608166	N	0	0	0
	0:00.000	608363	N	0	0	0
	0:00.000	608558	N	0	0	0
	0:00.000	608741	N	0	0	0
	0:00.000	608925	N	0	0	0
	0:00.000	609103	N	0	0	0
	0:00.000	609291	N	0	0	0
	0:00.000	609493	N	0	0	0
	0:00.000	609708	N	0	0	0
	0:00.000	609915	N	0	0	0
	0:00.000	610130	N	0	0	0
	0:00.000	610324	N	0	0	0
	0:00.000	610522	N	0	0	0
	0:00.000	610712	N	0	0	0
	0:00.000	610895	N	0	0	0
	0:00.000	611083	N	0	0	0
	0:00.000	611271	N	0	0	0
	0:00.000	611473	N	0	0	0
	0:00.000	611662	N	0	0	0
	0:00.000	611866	N	0	0	0
	0:00.000	612066	N	0	0	0
	0:00.000	612271	N	0	0	0
	0:00.000	612486	N	0	0	0
	0:00.000	612696	N	0	0	0
	0:00.000	612883	N	0	0	0
	0:00.000	613068	N	0	0	0
	0:00.000	613248	N	0	0	0
	0:00.000	613432	N	0	0	0
	0:00.000	613628	N	0	0	0
	0:00.000	613816	N	0	0	0
	0:00.000	614023	N	0	0	0
	0:00.000	614222	N	0	0	0
	0:00.000	614445	N	0	0	0
	0:00.000	614649	N	0	0	0
	0:00.000	614851	N	0	0	0
	0:00.000	615038	N	0	0	0
	0:00.000	615224	N	0	0	0
	0:00.000	615408	N	0	0	0
	0:00.000	615568	N	0	0	0
	0:00.000	615794	N	0	0	0
	0:00.000	615991	N	0	0	0
	0:00.000	616187	N	0	0	0
	0:00.000	616389	N	0	0	0
	0:00.000	616597	N	0	0	0
	0:00.000	616665	N	0	0	0
	0:00.000	616675	N	0	0	0
	0:00.000	616789	N	0	0	0
	0:00.000	616988	N	0	0	0
	0:00.000	617175	N	0	0	0
	0:00.000	617362	N	0	0	0
	0:00.000	617541	N	0	0	0
	0:00.000	617719	N	0	0	0
	0:00.000	617861	N	0	0	0
	0:00.000	618080	N	0	0	0
	0:00.000	618278	N	0	0	0
	0:00.000	618507	N	0	0	0
	0:00.000	618751	N	0	0	0
	0:00.000	618953	N	0	0	0
	0:00.000	619137	N	0	0	0
	0:00.000	619320	N	0	0	0
	0:00.000	619503	N	0	0	0
	0:00.000	619682	N	0	0	0
	0:00.000	619864	N	0	0	0
	0:00.000	620050	N	0	0	0
	0:00.000	620246	N	0	0	0
	0:00.000	620439	N	0	0	0
	0:00.000	620644	N	0	0	0
	0:00.000	620846	N	0	0	0
	0:00.000	621046	N	0	0	0
	0:00.000	621242	N	0	0	0
	0:00.000	621435	N	0	0	0
	0:00.000	621619	N	0	0	0
	0:00.000	621807	N	0	0	0
	0:00.000	621987	N	0	0	0
	0:00.000	622141	N	0	0	0
	0:00.000	622362	N	0	0	0
	0:00.000	622560	N	0	0	0
	0:00.000	622758	N	0	0	0
	0:00.000	622970	N	0	0	0
	0:00.000	623186	N	0	0	0
	0:00.000	623396	N	0	0	0
	0:00.000	623589	N	0	0	0
	0:00.000	623771	N	0	0	0
	0:00.000	623951	N	0	0	0
	0:00.000	624136	N	0	0	0
	0:00.000	624340	N	0	0	0
	0:00.000	624543	N	0	0	0
	0:00.000	624753	N	0	0	0
	0:00.000	624958	N	0	0	0
	0:00.000	625160	N	0	0	0
	0:00.000	625363	N	0	0	0
	0:00.000	625571	N	0	0	0
	0:00.000	625761	N	0	0	0
	0:00.000	625952	N	0	0	0
	0:00.000	626134	N	0	0	0
	0:00.000	626320	N	0	0	0
	0:00.000	626506	N	0	0	0
	0:00.000	626699	N	0	0	0
	0:00.000	626892	N	0	0	0
	0:00.000	627093	N	0	0	0
	0:00.000	627299	N	0	0	0
	0:00.000	627508	N	0	0	0
	0:00.000	627706	N	0	0	0
	0:00.000	627895	N	0	0	0
	0:00.000	628073	N	0	0	0
	0:00.000	628253	N	0	0	0
	0:00.000	628433	N	0	0	0
	0:00.000	628609	N	0	0	0
	0:00.000	628796	N	0	0	0
	0:00.000	628989	N	0	0	0
	0:00.000	629158	N	0	0	0
	0:00.000	629398	N	0	0	0
	0:00.000	629599	N	0	0	0
	0:00.000	629789	N	0	0	0
	0:00.000	629978	N	0	0	0
	0:00.000	630167	N	0	0	0
	0:00.000	630358	N	0	0	0
	0:00.000	630542	N	0	0	0
	0:00.000	630732	N	0	0	0
	0:00.000	630911	N	0	0	0
	0:00.000	631101	N	0	0	0
	0:00.000	631295	N	0	0	0
	0:00.000	631501	N	0	0	0
	0:00.000	631698	N	0	0	0
	0:00.000	631905	N	0	0	0
	0:00.000	632105	N	0	0	0
	0:00.000	632296	N	0	0	0
	0:00.000	632482	N	0	0	0
	0:00.000	632669	N	0	0	0
	0:00.000	632854	N	0	0	0
	0:00.000	633048	N	0	0	0
	0:00.000	633251	N	0	0	0
	0:00.000	633458	N	0	0	0
	0:00.000	633669	N	0	0	0
	0:00.000	633880	N	0	0	0
	0:00.000	634033	N	0	0	0
	0:00.000	634284	N	0	0	0
	0:00.000	634478	N	0	0	0
	0:00.000	634657	N	0	0	0
	0:00.000	634844	N	0	0	0
	0:00.000	635034	N	0	0	0
	0:00.000	635236	N	0	0	0
	0:00.000	635432	N	0	0	0
	0:00.000	635635	N	0	0	0
	0:00.000	635829	N	0	0	0
	0:00.000	636029	N	0	0	0
	0:00.000	636243	N	0	0	0
	0:00.000	636453	N	0	0	0
	0:00.000	636640	N	0	0	0
	0:00.000	636818	N	0	0	0
	0:00.000	636992	N	0	0	0
	0:00.000	637168	N	0	0	0
	0:00.000	637360	N	0	0	0
	0:00.000	637543	N	0	0	0
	0:00.000	637690	N	0	0	0
	0:00.000	637939	N	0	0	0
	0:00.000	638143	N	0	0	0
	0:00.000	638342	N	0	0	0
	0:00.000	638543	N	0	0	0
	0:00.000	638727	N	0	0	0
	0:00.000	638910	N	0	0	0
	0:00.000	639094	N	0	0	0
	0:00.000	639279	N	0	0	0
	0:00.000	639465	N	0	0	0
	0:00.000	639657	N	0	0	0
	0:00.000	639851	N	0	0	0
	0:00.000	640055	N	0	0	0
	0:00.000	640259	N	0	0	0
	0:00.000	640471	N	0	0	0
	0:00.000	640618	N	0	0	0
	0:00.000	640863	N	0	0	0
	0:00.000	641049	N	0	0	0
	0:00.000	641238	N	0	0	0
	0:00.000	641419	N	0	0	0
	0:00.000	641611	N	0	0	0
	0:00.000	641794	N	0	0	0
	0:00.000	641993	N	0	0	0
	0:00.000	642209	N	0	0	0
	0:00.000	642504	N	0	0	0
	0:00.000	642723	N	0	0	0
	0:00.000	642926	N	0	0	0
	0:00.000	643111	N	0	0	0
	0:00.000	643294	N	0	0	0
	0:00.000	643481	N	0	0	0
	0:00.000	643664	N	0	0	0
	0:00.000	643864	N	0	0	0
	0:00.000	644067	N	0	0	0
	0:00.000	644238	N	0	0	0
	0:00.000	644385	N	0	0	0
	0:00.000	644738	N	0	0	0
	0:00.000	644942	N	0	0	0
	0:00.000	645141	N	0	0	0
	0:00.000	645337	N	0	0	0
	0:00.000	645522	N	0	0	0
	0:00.000	645705	N	0	0	0
	0:00.000	645895	N	0	0	0
	0:00.000	646082	N	0	0	0
	0:00.000	646278	N	0	0	0
	0:00.000	646488	N	0	0	0
	0:00.000	646688	N	0	0	0
	0:00.000	646897	N	0	0	0
	0:00.000	647104	N	0	0	0
	0:00.000	647255	N	0	0	0
	0:00.000	647493	N	0	0	0
	0:00.000	647675	N	0	0	0
	0:00.000	647854	N	0	0	0
	0:00.000	648045	N	0	0	0
	0:00.000	648250	N	0	0	0
	0:00.000	648458	N	0	0	0
	0:00.000	648677	N	0	0	0
	0:00.000	648899	N	0	0	0
	0:00.000	649108	N	0	0	0
	0:00.000	649304	N	0	0	0
	0:00.000	649501	N	0	0	0
	0:00.000	649685	N	0	0	0
	0:00.000	649875	N	0	0	0
